,region,education,jobtype,cptype,sales,employees,aversalary,capital,pros_encoded
0,0,1,0,2,22.7143,,-0.2609,605.9868,0.65
1,0,0,0,0,-0.1281,-0.1743,,,-0.5
2,0,0,0,0,-0.13,0.0397,-0.0435,-0.1127,0.7
3,0,3,1,0,-0.1254,-0.1938,-0.3043,-0.1017,0.0
4,0,3,1,1,-0.117,-0.1785,,6.0131,1.05
5,0,0,0,0,-0.13,0.0397,-0.0435,-0.1127,0.7
6,0,0,0,1,-0.0058,0.6059,0.1739,1.3628,0.15
7,0,0,0,0,-0.1299,-0.1883,-0.2609,-0.1119,-0.25
8,0,0,1,0,-0.1266,-0.1952,-0.3478,-0.0994,0.15
9,0,0,0,0,-0.13,0.0397,-0.0435,-0.1127,0.7
10,0,1,0,2,3.6306,1.7152,1.7826,0.7623,2.8
11,0,3,1,0,,-0.2057,-1.3913,-0.1107,-0.5
12,0,0,1,1,21.3606,12.3409,,,0.4
13,0,0,0,2,0.0187,0.6449,,0.0936,0.15
14,0,0,0,0,,,-0.8261,,-0.5
15,0,0,0,2,18.978,3.3516,0.1304,0.4853,1.2
16,0,0,0,0,-0.1131,-0.0265,-0.1304,-0.1107,0.2
17,0,1,1,1,0.2151,0.1736,0.6522,1.7512,1.0
18,0,1,1,0,,-0.1987,,-0.1107,-0.5
19,0,3,1,0,-0.0418,-0.1708,-0.0435,0.0113,0.05
20,0,1,0,2,22.7143,,-0.2609,605.9868,0.65
21,0,2,1,0,-0.1277,-0.1157,-0.3478,-0.0516,-0.45
22,0,1,1,0,,,0.087,,-0.25
23,0,0,0,0,,-0.2008,-0.6087,,-0.5
24,0,0,0,0,-0.0504,-0.092,0.3478,-0.0926,-0.2
25,0,0,1,0,,-0.1959,-0.3478,,-0.45
26,0,1,0,2,1.5751,0.9566,,0.5696,0.85
27,0,0,1,0,-0.1293,-0.2071,,-0.1119,-0.5
28,0,2,1,0,-0.1251,-0.191,,-0.0678,-0.15
29,0,2,1,0,-0.1291,-0.2043,-0.6957,-0.1062,0.05
30,0,2,0,0,,,,,-0.5
31,0,0,1,1,0.1747,-0.1032,1.1304,1.1483,-0.35
32,0,0,0,0,-0.1215,-0.1708,-0.4348,-0.0746,-0.05
33,0,3,1,0,-0.1295,-0.2001,-0.2609,-0.104,-0.05
34,0,2,0,1,-0.0204,0.1171,0.0435,1.2997,-0.25
35,0,0,0,2,1.1922,0.6017,-1.7391,24.6732,0.95
36,0,0,0,0,,,,,-0.5
37,0,2,0,1,0.3021,1.552,0.6957,-0.0993,0.25
38,0,2,0,0,-0.1298,-0.1743,-0.3043,-0.1017,0.0
39,0,0,1,1,,,,,-0.35
40,0,1,0,2,0.2327,0.1478,1.2609,2.0566,0.7
41,0,1,1,0,,,,,-0.5
42,0,0,1,0,-0.1292,-0.1952,-0.6087,-0.1107,-0.5
43,0,0,0,0,,,,,-0.5
44,0,2,1,0,,-0.1938,,,-0.5
45,0,0,0,1,0.4422,0.191,0.9565,0.0044,0.65
46,0,0,1,0,-0.1297,-0.205,,-0.1098,-0.1
47,0,0,0,2,0.3791,0.4107,-0.3478,-0.055,-0.35
48,0,1,1,1,0.1944,2.3664,,-0.0995,0.55
49,0,0,0,0,,,,,-0.5
50,0,1,0,2,22.7143,,-0.2609,605.9868,0.65
51,0,2,0,1,0.3021,1.552,0.6957,-0.0993,0.0
52,0,1,1,0,-0.1287,-0.1945,0.2609,-0.1091,0.05
53,0,3,1,0,-0.1273,-0.1952,,-0.1062,-0.4
54,0,0,0,0,,-0.2036,,,-0.5
55,0,0,1,0,,-0.2071,,,-0.5
56,0,3,1,1,0.0684,-0.1743,0.7391,-0.0837,0.4
57,0,1,0,2,22.7143,,-0.2609,605.9868,0.65
58,0,0,1,1,1.3593,5.9418,-0.087,0.1448,1.05
59,0,2,1,1,0.4531,0.8158,-0.1739,1.4671,0.15
60,0,0,0,1,-0.1171,-0.1806,0.0,0.6356,-0.35
61,0,1,0,2,22.7143,,-0.2609,605.9868,0.65
62,0,0,0,0,-0.1272,-0.115,,-0.1128,-0.35
63,0,1,0,2,22.7143,,-0.2609,605.9868,0.65
64,0,0,0,0,,-0.2071,,,-0.5
65,0,0,0,0,,-0.2057,,,-0.35
66,0,2,1,0,-0.1291,-0.1436,0.087,-0.1037,-0.05
67,0,0,0,0,-0.1025,-0.0879,-0.0435,0.3616,0.25
68,0,1,1,1,0.1944,2.3664,,-0.0995,0.55
69,0,2,1,0,-0.1289,-0.2036,0.1739,-0.1121,0.0
70,0,1,0,2,22.7143,,-0.2609,605.9868,0.65
71,0,0,0,0,,,,,-0.5
72,0,2,1,1,0.0237,0.0697,0.0,-0.0678,0.5
73,0,1,0,0,,-0.1708,-0.3043,-0.1107,-0.5
74,0,0,1,2,-0.1098,-0.0509,0.4783,-0.0165,0.05
75,0,0,0,0,,-0.2071,,,-0.5
76,0,2,1,2,0.3691,0.0314,1.2609,1.6779,0.05
77,0,1,1,1,-0.0355,-0.0572,0.4783,0.0392,0.0
78,0,0,0,0,-0.0157,0.9008,0.5217,-0.0711,0.5
79,0,0,0,2,2.0819,1.4028,0.087,0.6464,0.55
80,0,0,1,0,,-0.2064,,-0.1121,-0.5
81,0,3,1,1,-0.117,-0.1785,,6.0131,1.05
82,0,0,0,2,3.246,2.0296,1.2174,4.4004,1.45
83,0,0,0,2,17.6008,9.094,-1.3043,76.3061,1.15
84,0,2,1,1,-0.1214,-0.1513,0.3043,-0.0631,-0.05
85,0,0,1,0,,-0.2085,,,-0.45
86,0,2,1,1,0.3336,0.212,0.8696,0.9452,0.45
87,0,0,1,0,,-0.2022,,,-0.5
88,0,0,0,0,,,,,-0.15
89,0,3,0,0,,,-0.6087,,-0.5
90,0,1,1,1,0.1944,2.3664,,-0.0995,0.55
91,0,0,0,2,18.978,3.3516,0.1304,0.4853,1.2
92,0,0,0,0,-0.13,0.0397,-0.0435,-0.1127,0.7
93,0,1,1,0,-0.1241,-0.1883,0.0,-0.1017,-0.35
94,0,0,0,0,-0.13,0.0397,-0.0435,-0.1127,0.7
95,0,4,0,0,-0.1291,-0.2043,,-0.1119,0.15
96,0,1,0,2,3.1277,8.7809,0.3913,0.1317,0.8
97,0,0,1,0,-0.1172,-0.1604,,-0.1073,-0.25
98,0,1,1,0,-0.126,-0.0851,-0.5652,-0.1085,-0.35
99,0,0,0,0,-0.1233,-0.1123,-0.4783,0.2859,0.15
100,0,1,0,1,0.2366,0.73,-0.3913,-0.0529,0.7
101,0,0,0,0,-0.1299,-0.1883,-0.2609,-0.1119,-0.25
102,0,1,0,1,1.9967,1.2292,1.0435,-0.0362,0.4
103,0,0,1,0,-0.1274,-0.1903,,,-0.1
104,0,2,0,0,-0.1245,-0.1931,0.087,-0.1084,-0.2
105,0,0,0,1,0.6426,0.4386,0.2174,0.0113,0.45
106,0,3,1,0,,-0.2022,,,-0.5
107,0,1,1,1,0.1944,2.3664,,-0.0995,0.55
108,0,3,0,2,,-0.1952,1.0435,6.0568,0.3
109,0,3,0,0,-0.13,-0.2043,-0.6522,-0.1061,0.05
110,0,3,1,1,0.2151,0.1736,0.6522,1.7512,1.0
111,0,2,1,0,,,,,-0.5
112,0,0,1,0,,-0.0349,-0.4348,,-0.4
113,0,2,0,0,,,,,-0.5
114,0,0,1,0,,-0.1862,,,-0.4
115,0,3,0,0,-0.1097,0.1673,-0.3913,-0.0938,-0.1
116,0,2,1,1,0.4531,0.8158,-0.1739,1.4671,0.15
117,0,0,0,1,-0.0555,-0.1597,0.6087,-0.037,-0.3
118,0,0,1,1,-0.0832,-0.1799,-0.2609,0.0872,-0.2
119,0,3,1,1,0.3533,0.3354,0.087,0.4736,0.8
120,0,3,1,1,1.0082,0.182,1.2609,0.0678,0.3
121,0,1,0,0,-0.1218,-0.0467,-0.5217,-0.1062,-0.35
122,0,0,0,1,-0.0933,0.2677,-0.087,0.791,0.2
123,0,0,1,0,-0.13,-0.1952,-0.1304,-0.1129,-0.5
124,0,0,0,0,-0.0504,-0.092,0.3478,-0.0926,-0.2
125,0,3,1,2,0.8748,0.0983,0.7826,0.1557,1.8
126,0,0,0,0,,,,,-0.5
127,0,0,1,0,,,-0.1304,,-0.5
128,0,1,0,2,22.7143,,-0.2609,605.9868,0.65
129,0,3,0,2,,20.7077,,,0.3
130,0,0,0,0,-0.13,0.0397,-0.0435,-0.1127,0.7
131,0,0,0,0,,,-0.6957,,-0.5
132,0,0,0,1,-0.0513,-0.0488,0.5217,-0.113,0.2
133,0,0,0,0,-0.1131,-0.0265,-0.1304,-0.1107,0.2
134,0,0,0,0,-0.13,0.0397,-0.0435,-0.1127,0.7
135,0,0,0,2,-0.0663,0.1143,0.087,-0.1033,-0.05
136,0,0,1,0,-0.1213,-0.1743,0.0435,-0.1002,-0.35
137,0,0,1,0,-0.103,-0.1848,0.1304,-0.0452,-0.2
138,0,0,0,1,-0.1051,-0.099,0.4783,2.0462,0.05
139,0,3,0,1,-0.0435,0.0286,,-0.0226,0.55
140,0,3,1,1,-0.117,-0.1785,,6.0131,1.05
141,0,2,1,0,-0.128,-0.1994,-0.1739,-0.1001,-0.05
142,0,0,1,0,,,,,-0.45
143,0,3,1,2,0.6477,1.9055,-0.4348,0.4294,0.9
144,0,2,0,2,0.1815,0.6526,0.4348,2.1132,0.45
145,0,0,0,2,18.978,3.3516,0.1304,0.4853,1.2
146,0,0,0,0,0.0372,0.4888,-0.1739,1.5678,-0.35
147,0,1,1,1,-0.0104,0.0209,-0.1304,-0.0437,0.25
148,0,2,1,0,-0.128,-0.2022,0.2174,-0.1016,-0.2
149,0,1,1,0,,,-0.2174,,-0.3
150,0,3,0,1,-0.0277,2.4403,0.2609,-0.1062,0.3
151,0,0,1,0,,-0.2036,-0.3478,,-0.5
152,0,0,0,0,,-0.1952,,,-0.5
153,0,0,1,0,-0.028,-0.1855,0.3913,-0.104,0.5
154,0,0,0,1,-0.0933,0.2677,-0.087,0.791,0.2
155,0,1,1,0,-0.1101,-0.1604,-0.3043,-0.1085,-0.4
156,0,0,0,0,-0.0922,0.0823,0.7391,1.0019,0.7
157,0,0,0,0,,-0.1604,,,-0.5
158,0,0,1,0,-0.1212,-0.1478,,-0.1103,-0.05
159,0,1,1,0,-0.13,,-0.6957,-0.0958,0.05
160,0,0,1,0,-0.1295,-0.2043,-0.4348,-0.1085,-0.5
161,0,1,0,2,0.0102,0.4323,0.6957,0.4294,0.05
162,0,0,0,0,0.0372,0.4888,-0.1739,1.5678,-0.35
163,0,1,0,2,22.7143,,-0.2609,605.9868,0.65
164,0,0,0,2,2.0819,1.4028,0.087,0.6464,0.55
165,0,0,0,2,1.0893,1.3519,1.1304,1.605,1.2
166,0,1,0,2,22.7143,,-0.2609,605.9868,0.65
167,0,0,0,0,-0.1292,-0.1952,-0.6087,-0.1107,-0.5
168,0,3,1,1,1.9967,1.2292,1.0435,-0.0362,0.4
169,0,0,0,0,-0.1097,0.1673,-0.3913,-0.0938,-0.1
170,0,1,1,0,-0.1297,-0.2001,-0.4348,-0.0986,-0.5
171,0,1,0,2,6.703,4.7432,1.4348,2.4648,1.7
172,0,1,0,2,2.1978,3.2407,0.8261,0.806,1.05
173,0,0,0,0,-0.0855,-0.0035,,-0.1129,0.55
174,0,0,1,0,-0.1275,-0.205,-0.5217,-0.1107,-0.5
175,0,3,1,1,0.0237,0.0697,0.0,-0.0678,0.5
176,0,0,0,0,,-0.2085,-0.5652,,-0.5
177,0,0,1,1,-0.0832,-0.1799,-0.2609,0.0872,-0.2
178,0,0,1,0,,,-0.6087,,-0.5
179,0,0,1,0,,-0.2057,-0.5217,,-0.5
180,0,1,1,0,-0.1239,-0.1994,0.0435,-0.1119,-0.2
181,0,0,1,2,-0.0203,0.175,-0.087,0.0,-0.3
182,0,1,0,1,0.2326,0.6805,1.3913,0.9591,0.4
183,0,1,0,2,22.7143,,-0.2609,605.9868,0.65
184,0,0,0,1,-0.1209,-0.1743,-0.3043,-0.1107,-0.3
185,0,0,0,0,-0.13,0.0397,-0.0435,-0.1127,0.7
186,0,3,1,0,,,,,-0.45
187,0,0,0,1,0.0,,-0.3913,0.0486,-0.5
188,0,2,0,0,,,,,-0.5
189,0,1,0,2,0.2881,0.1241,0.913,0.047,0.55
190,0,0,1,0,-0.1251,-0.2071,-0.6522,-0.104,-0.4
191,0,0,0,0,,-0.2071,,,-0.3
192,0,0,0,0,-0.13,0.0397,-0.0435,-0.1127,0.7
193,0,0,0,0,-0.1205,-0.1778,-0.2174,-0.0873,-0.2
194,0,1,0,2,21.5506,20.7077,,2.147,0.65
195,0,0,1,0,,-0.205,,,-0.5
196,0,0,1,0,-0.1268,-0.1778,,0.0181,-0.45
197,0,0,0,0,,-0.113,,-0.1107,-0.5
198,0,0,1,1,-0.0832,-0.1799,-0.2609,0.0872,-0.2
199,0,2,1,1,0.4531,0.8158,-0.1739,1.4671,0.15
200,0,0,0,0,-0.13,0.0397,-0.0435,-0.1127,0.7
201,0,0,1,0,-0.1257,-0.1778,,,-0.4
202,0,0,0,0,,-0.2071,,,-0.3
203,0,1,0,2,6.703,4.7432,1.4348,2.4648,1.7
204,0,0,1,0,,,,,-0.5
205,0,0,0,1,0.0457,-0.0628,0.2174,-0.0883,-0.2
206,0,1,0,2,2.1978,3.2407,0.8261,0.806,1.05
207,0,1,0,2,22.7143,,-0.2609,605.9868,0.65
208,0,2,1,0,-0.1244,-0.2036,0.2174,-0.1119,-0.2
209,0,0,1,0,,,-0.2174,,-0.3
210,0,4,0,0,-0.03,,1.0,-0.103,0.0
211,0,2,0,0,,,,,-0.5
212,0,1,0,2,22.7143,,-0.2609,605.9868,0.65
213,0,1,0,2,22.7143,,-0.2609,605.9868,0.65
214,0,0,0,0,-0.13,0.0397,-0.0435,-0.1127,0.7
215,0,0,1,0,,-0.205,,,-0.5
216,0,0,0,0,-0.1218,0.0558,,-0.1017,-0.25
217,0,0,0,2,18.978,3.3516,0.1304,0.4853,1.2
218,0,3,1,0,-0.0855,-0.0349,,0.0197,-0.2
219,0,3,0,0,-0.0669,0.1394,,-0.1118,-0.25
220,0,0,1,0,,-0.1715,,,-0.5
221,0,0,1,0,,,,,-0.35
222,0,1,1,1,0.1944,2.3664,,-0.0995,0.55
223,0,1,1,0,-0.126,-0.0851,-0.5652,-0.1085,-0.35
224,0,0,1,1,-0.0058,0.6059,0.1739,1.3628,0.15
225,0,0,0,0,,-0.2071,,,-0.5
226,0,0,0,0,-0.13,0.0397,-0.0435,-0.1127,0.7
227,0,1,1,2,6.2378,5.7368,0.913,1.7381,1.05
228,0,0,0,0,-0.13,0.0397,-0.0435,-0.1127,0.7
229,0,0,1,0,,,,,-0.45
230,0,0,0,1,0.0,0.3939,-0.3913,0.0486,-0.5
231,0,0,0,0,-0.13,0.0397,-0.0435,-0.1127,0.7
232,0,2,1,0,-0.0675,-0.1576,-0.0435,-0.0708,0.05
233,0,1,0,2,-0.0163,0.0983,1.1304,0.1582,-0.05
234,0,1,0,2,-0.0273,0.3535,-0.0435,0.4899,0.95
235,0,0,0,1,0.0,,-0.3913,0.0486,-0.5
236,0,2,0,0,,-0.1994,-0.1739,,-0.5
237,0,1,0,2,3.1277,8.7809,0.3913,0.1317,0.8
238,0,0,0,1,-0.0933,0.2677,-0.087,0.791,0.2
239,0,0,0,1,4.5712,,1.3913,6.4333,1.35
240,0,0,0,2,21.5506,20.7077,,2.147,0.65
241,0,0,1,0,,-0.1806,0.087,,-0.2
242,0,0,1,0,-0.1284,-0.2001,-0.8261,-0.1022,0.0
243,0,0,0,0,,,-0.6522,,-0.5
244,0,0,0,2,0.2417,0.3709,0.8261,-0.0587,0.35
245,0,0,1,0,,,-0.1304,,-0.5
246,0,0,0,1,-0.0933,0.2677,-0.087,0.791,0.2
247,0,3,1,1,0.1433,0.518,0.6087,-0.113,0.2
248,0,0,1,2,0.6135,0.5815,1.3478,-0.1089,1.3
249,0,1,1,1,-0.097,-0.1074,1.0435,0.0296,1.15
250,0,0,1,1,1.3593,5.9418,-0.087,0.1448,1.05
251,0,0,1,0,,-0.1046,-0.4348,,-0.25
252,0,1,0,2,0.4476,1.3945,1.5217,1.08,1.2
253,0,0,0,0,-0.1291,-0.2043,-0.6957,-0.1062,0.05
254,0,1,0,2,-0.1095,,,0.113,0.2
255,0,0,0,0,-0.13,-0.2078,,-0.1116,0.2
256,0,3,1,1,-0.117,-0.1785,,6.0131,1.05
257,0,0,0,2,18.978,3.3516,0.1304,0.4853,1.2
258,0,3,1,2,0.2337,2.5574,,0.2712,0.5
259,0,1,0,0,,,,,-0.5
260,0,2,0,1,,,1.2609,-0.0572,-0.5
261,0,2,0,1,-0.0277,3.277,0.2609,-0.1062,0.3
262,0,0,1,0,,-0.2064,,,-0.5
263,0,3,1,2,0.6477,1.9055,-0.4348,0.4294,0.9
264,0,0,1,2,0.117,-0.03,0.4783,0.1573,0.3
265,0,1,0,2,22.7143,,-0.2609,605.9868,0.65
266,0,0,1,1,0.0394,-0.0488,0.8696,0.457,1.15
267,0,2,1,0,-0.1133,,-0.1304,-0.0671,-0.2
268,0,0,0,0,-0.13,0.0397,-0.0435,-0.1127,0.7
269,0,0,0,0,,,-0.7826,,-0.5
270,0,0,1,0,-0.1273,-0.2001,0.2609,-0.106,-0.2
271,0,0,0,2,2.0819,1.4028,0.087,0.6464,0.55
272,0,0,0,0,,-0.1994,,,-0.5
273,0,0,1,0,-0.1154,-0.1401,0.3043,6.8096,-0.2
274,0,0,0,0,-0.1239,-0.1757,,-0.1107,-0.3
275,0,0,0,0,-0.1277,-0.0976,,-0.104,-0.5
276,0,0,1,0,,-0.1952,-0.2174,,-0.4
277,0,0,0,0,-0.1131,-0.0265,-0.1304,-0.1107,0.2
278,0,3,1,0,-0.0619,0.0279,0.5652,-0.0855,0.25
279,0,0,0,2,49.2471,24.7907,-0.6957,48.2353,1.7
280,0,1,0,0,-0.1097,0.1673,-0.3913,-0.0938,-0.1
281,0,0,0,2,17.6008,9.094,-1.3043,76.3061,1.15
282,0,0,0,0,-0.1299,-0.1952,-0.3478,-0.1119,-0.2
283,0,0,1,0,-0.1272,-0.1952,,0.113,-0.2
284,0,1,1,0,-0.1199,-0.1687,0.087,-0.0746,0.25
285,0,1,1,0,,,-0.2174,,-0.3
286,0,2,1,0,-0.0649,-0.0809,0.4348,0.0861,0.5
287,0,1,0,1,0.0687,-0.0244,0.3913,1.5002,0.2
288,0,0,0,0,-0.1298,-0.2029,,-0.1104,-0.2
289,0,0,0,0,,,-0.1739,,-0.5
290,0,0,1,0,-0.1259,-0.1883,0.5217,-0.1096,-0.3
291,0,3,0,2,0.0102,0.4323,0.6957,0.4294,0.05
292,0,3,1,0,-0.1097,-0.1659,0.8696,-0.1085,-0.05
293,0,0,0,0,,,,,-0.5
294,0,1,0,2,1.5751,0.9566,1.2609,0.5696,0.85
295,0,0,1,1,-0.0027,0.1471,1.8696,0.097,0.45
296,0,0,0,0,-0.1281,-0.1743,,,-0.5
297,0,1,0,2,2.1978,3.2407,0.8261,0.806,1.05
298,0,0,0,0,,0.0697,1.0,-0.0904,-0.35
299,0,0,0,0,-0.1272,-0.115,,-0.1128,-0.35
300,0,3,1,1,0.0403,-0.1429,1.4783,-0.113,0.7
301,0,1,1,2,0.6704,1.3157,,-0.0586,0.8
302,0,0,0,0,,,,,-0.45
303,0,0,1,0,,-0.2064,,,-0.5
304,0,0,0,2,,0.1394,-1.0,,-0.25
305,0,0,1,0,,-0.2085,-0.5652,,-0.5
306,0,0,1,1,0.1023,0.1004,0.087,-0.1017,0.35
307,0,2,1,1,-0.1214,-0.1513,0.3043,-0.0631,-0.05
308,0,0,0,2,21.5506,4.4623,,2.147,0.65
309,0,0,1,0,,-0.1848,,,-0.05
310,0,0,0,0,-0.1272,-0.115,,-0.1128,-0.35
311,0,0,1,0,,-0.2057,,,-0.5
312,0,0,0,0,-0.13,0.0397,-0.0435,-0.1127,0.7
313,0,0,0,0,,-0.1743,,,-0.5
314,0,1,0,1,0.2856,0.3145,0.087,0.0706,-0.1
315,0,0,1,0,-0.1297,-0.1973,-0.4348,-0.1107,-0.25
316,0,1,0,2,22.7143,,-0.2609,605.9868,0.65
317,0,0,0,0,,,-0.6087,,-0.5
318,0,0,0,1,,,,,-0.5
319,0,0,0,0,,-0.2085,,,-0.5
320,0,0,0,0,,,-0.6087,,-0.5
321,0,1,0,2,21.5506,20.7077,,2.147,0.65
322,0,0,0,0,-0.13,0.0397,-0.0435,-0.1127,0.7
323,0,3,0,1,-0.1197,,-0.4348,0.0144,-0.25
324,0,0,1,0,,,,,-0.35
325,0,0,0,0,-0.0942,-0.1143,0.3913,0.0226,-0.35
326,0,3,0,0,,,,,-0.5
327,0,2,0,2,2.4007,2.3029,,0.9737,1.0
328,0,0,1,0,-0.1292,-0.1952,-0.6087,-0.1107,-0.5
329,0,1,1,1,0.1944,2.3664,,-0.0995,0.55
330,0,3,0,2,-0.0052,-0.0007,0.913,0.0562,-0.1
331,0,0,1,1,1.3593,5.9418,-0.087,0.1448,1.05
332,0,3,1,2,3.0558,1.2955,1.2174,2.4096,0.6
333,0,1,0,0,,1.1853,1.3913,13.5213,-0.05
334,0,2,1,0,-0.1267,-0.1708,0.0435,-0.1087,-0.2
335,0,0,0,0,,-0.1883,-0.1739,-0.1062,-0.5
336,0,0,1,1,0.0237,0.0697,0.0,-0.0678,0.5
337,0,0,0,2,2.0819,1.4028,0.087,0.6464,0.55
338,0,1,0,2,22.7143,,-0.2609,605.9868,0.65
339,0,0,1,0,,-0.1938,-0.1304,-0.1123,-0.5
340,0,0,0,2,0.208,0.0251,0.4348,0.0031,0.45
341,0,1,0,2,21.5506,20.7077,,2.147,0.65
342,0,0,0,0,-0.1231,-0.1855,0.3913,-0.072,-0.5
343,0,3,0,1,2.1104,3.0957,1.6087,0.4119,1.05
344,0,0,1,0,,,-0.5217,-0.1107,-0.5
345,0,2,1,2,0.1815,0.6526,0.4348,2.1132,0.45
346,0,3,0,1,0.4422,0.191,0.9565,0.0044,0.65
347,0,2,1,0,-0.1251,-0.191,,-0.0678,-0.15
348,0,0,0,0,-0.13,,,-0.1119,-0.5
349,0,0,1,0,,,-0.2174,,-0.5
350,0,0,0,0,,,,,-0.15
351,0,1,1,0,,,-0.5217,,-0.4
352,0,3,0,0,-0.03,,1.0,-0.103,0.0
353,0,2,1,0,-0.1234,-0.1534,-0.087,0.0303,-0.35
354,0,3,1,1,0.0624,0.2482,0.6087,0.1062,0.65
355,0,0,0,0,-0.1272,-0.115,,-0.1128,-0.35
356,0,0,1,0,-0.1213,-0.1604,-0.3478,-0.0949,-0.2
357,0,0,1,0,-0.117,-0.1938,0.3913,-0.0904,-0.35
358,0,0,1,0,,-0.2029,,,-0.5
359,0,0,0,2,21.5506,4.4623,,2.147,0.65
360,0,0,0,0,-0.1292,-0.1952,-0.6087,-0.1107,-0.5
361,0,0,0,0,-0.1272,-0.115,,-0.1128,-0.35
362,0,1,1,0,-0.0289,-0.1778,0.4348,-0.0981,-0.35
363,0,0,0,1,0.0,,-0.3913,0.0486,-0.5
364,0,0,0,2,10.4615,0.4985,1.2609,12.8586,0.15
365,0,0,0,0,-0.1299,-0.1883,-0.2609,-0.1119,-0.25
366,0,0,1,1,-0.0123,0.9887,0.2174,-0.0904,-0.2
367,0,3,1,2,0.8748,0.0983,0.7826,0.1557,1.8
368,0,0,1,0,-0.1271,-0.1994,-0.6957,-0.104,-0.5
369,0,0,1,0,,-0.2064,,,-0.5
370,0,2,1,0,-0.1199,-0.1687,0.087,-0.0746,0.25
371,0,0,1,2,-0.0738,-0.0676,,0.339,0.55
372,0,0,1,0,,-0.2064,,,-0.5
373,0,0,0,0,-0.1064,-0.1604,,-0.0925,-0.35
374,0,0,1,2,0.6135,0.5815,1.3478,-0.1089,1.3
375,0,0,0,2,17.6008,9.094,-1.3043,76.3061,1.15
376,0,0,0,0,,,,,-0.15
377,0,0,0,0,-0.1298,-0.2085,,-0.1117,0.25
378,0,0,1,0,,-0.2057,-0.087,,-0.5
379,0,2,0,1,-0.0058,0.6059,0.1739,1.3628,0.15
380,0,0,1,0,-0.1284,-0.2008,-0.4783,-0.106,0.15
381,0,0,1,0,-0.1271,-0.1994,-0.6957,-0.104,-0.5
382,0,3,0,0,,-0.2043,,,-0.5
383,0,2,1,0,,-0.2057,0.6087,,-0.4
384,0,0,1,0,,-0.1534,,,-0.3
385,0,1,1,0,-0.1175,,,-0.1107,-0.4
386,0,0,1,1,21.3606,12.3409,,,0.4
387,0,0,1,0,-0.0607,-0.1757,-0.1739,1.017,0.25
388,0,0,0,0,-0.1081,-0.1429,0.3913,1.0477,-0.15
389,0,3,0,0,,,,,-0.5
390,0,3,0,1,-0.0461,0.288,0.6957,-0.0931,0.05
391,0,0,0,1,1.3131,1.2222,1.4783,-0.0244,0.8
392,0,1,1,0,,-0.205,0.0,,-0.5
393,0,0,1,0,-0.1284,-0.2064,0.6087,-0.1096,0.2
394,0,0,1,0,,-0.1952,0.0,,-0.5
395,0,0,0,0,-0.13,0.0397,-0.0435,-0.1127,0.7
396,0,0,1,1,0.0666,0.2998,0.8696,0.1102,0.65
397,0,2,0,1,0.3021,1.552,0.6957,-0.0993,0.0
398,0,0,1,0,,,,,-0.45
399,0,0,1,0,,-0.2085,-0.5652,,-0.5
400,0,0,1,0,-0.1287,-0.1959,0.087,-0.1119,-0.5
401,0,0,1,1,0.1747,-0.1032,1.1304,1.1483,-0.35
402,0,0,1,0,,-0.2001,-0.087,,-0.5
403,0,0,0,2,17.6008,9.094,-1.3043,76.3061,1.15
404,0,1,1,0,-0.0818,-0.1625,-0.2174,0.2265,-0.1
405,0,3,1,0,-0.0977,-0.1457,0.3478,-0.0983,0.1
406,0,0,1,2,0.6135,0.5815,1.3478,-0.1089,1.3
407,0,0,0,2,7.9148,4.1834,1.0,4.6111,1.2
408,0,2,0,0,-0.1234,-0.1534,-0.087,0.0303,-0.35
409,0,0,0,1,0.0,0.2629,-0.3913,0.0486,-0.5
410,0,0,0,1,,,0.5652,,-0.5
411,0,3,1,2,0.4613,2.5386,,1.077,0.55
412,0,0,1,1,1.3593,5.9418,-0.087,0.1448,1.05
413,0,0,0,0,,,-0.6522,,-0.5
414,0,0,0,0,-0.1294,-0.2015,,-0.104,-0.5
415,0,0,0,0,,-0.2022,,,-0.5
416,0,0,0,0,,,,,-0.5
417,0,2,0,0,-0.1295,-0.2008,-0.5652,-0.1107,-0.45
418,0,1,1,0,-0.1266,-0.1952,-0.3478,-0.0994,0.15
419,0,1,0,1,0.415,0.4274,1.0435,0.4838,0.8
420,0,2,0,1,0.0522,1.2271,-0.4348,1.0214,-0.1
421,0,2,0,2,16.7008,6.7631,1.4348,8.7327,1.25
422,0,0,0,1,0.5442,0.1116,0.3478,-0.0678,0.5
423,0,0,0,0,-0.029,-0.0453,0.5652,0.1808,-0.2
424,0,1,0,1,0.0,0.1597,-0.3913,0.0486,-0.5
425,0,0,0,0,,,,,-0.5
426,0,0,1,0,,-0.1952,-0.4348,-0.1017,-0.2
427,0,0,0,0,-0.1301,-0.1394,-0.4783,-0.1107,-0.1
428,0,0,1,0,-0.1214,-0.1938,-0.2174,-0.1096,-0.05
429,0,0,1,0,-0.1171,-0.1046,-0.0435,-0.1085,-0.2
430,0,0,1,0,-0.1268,-0.1778,,0.0181,-0.45
431,0,1,1,0,-0.1206,-0.1952,-0.087,-0.0786,-0.4
432,0,1,1,0,,,-0.2174,,-0.3
433,0,0,1,1,21.3606,12.3409,,,0.4
434,0,0,0,1,-0.0555,-0.1597,0.6087,-0.037,-0.3
435,0,2,0,1,-0.0107,0.5271,0.0,0.0488,0.15
436,0,2,1,1,0.3336,0.212,0.8696,0.9452,0.45
437,0,0,0,2,18.978,3.3516,0.1304,0.4853,1.2
438,0,3,1,1,0.466,0.5139,1.087,2.4324,1.3
439,0,2,0,0,-0.1276,,-0.3043,-0.1125,-0.45
440,0,2,0,0,-0.1277,,,-0.1119,-0.2
441,0,1,1,1,0.1944,2.3664,,-0.0995,0.55
442,0,3,0,0,,,,,-0.5
443,0,1,0,2,3.1277,8.7809,0.3913,0.1317,0.8
444,0,2,1,0,-0.0991,-0.1325,-0.087,5.5383,-0.35
445,0,0,1,0,,-0.2043,,,-0.5
446,0,2,0,0,,,,,-0.5
447,0,0,0,1,-0.0933,0.2677,-0.087,0.791,0.2
448,0,0,1,0,-0.115,-0.1792,0.5652,-0.1115,-0.05
449,0,0,0,2,2.0819,1.4028,0.087,0.6464,0.55
450,0,0,1,0,,-0.2085,,,-0.5
451,0,3,0,2,6.0338,4.0084,2.2609,19.9685,1.2
452,0,0,1,0,,-0.2085,,,-0.5
453,0,0,0,2,2.0819,1.4028,0.087,0.6464,0.55
454,0,1,0,0,-0.0606,-0.1931,0.6087,1.6346,-0.5
455,0,3,1,1,1.3821,0.7007,1.3478,0.4946,1.05
456,0,0,0,2,17.6008,9.094,-1.3043,76.3061,1.15
457,0,0,1,0,-0.1295,-0.2022,,-0.1096,-0.45
458,0,1,1,0,,-0.2064,,,-0.5
459,0,4,0,0,-0.03,,1.0,-0.103,0.0
460,0,3,1,0,,-0.2008,,,-0.4
461,0,3,1,0,-0.1266,-0.2022,0.0435,-0.1089,0.0
462,0,1,1,1,0.1944,2.3664,,-0.0995,0.55
463,0,3,1,2,0.6477,1.9055,-0.4348,0.4294,0.9
464,0,0,1,0,,-0.2085,-0.5652,,-0.5
465,0,0,1,1,0.0373,3.7107,-0.6087,0.0,-0.35
466,0,2,1,0,-0.123,-0.1896,-0.0435,-0.1038,0.0
467,0,0,1,0,-0.1258,-0.2057,,-0.0929,-0.5
468,0,1,0,1,1.1251,1.2927,0.9565,0.4188,1.05
469,0,0,0,0,-0.1211,-0.0453,,-0.0906,-0.05
470,0,2,0,1,0.0457,-0.0628,0.2174,-0.0883,-0.2
471,0,3,0,1,-0.0253,-0.0021,0.4783,-0.009,0.15
472,0,0,0,1,0.9762,0.4434,0.9565,1.1949,0.75
473,0,1,1,0,-0.1272,-0.1708,,-0.1085,-0.2
474,0,0,1,2,0.6135,0.5815,1.3478,-0.1089,1.3
475,0,1,0,2,1.5751,0.9566,,0.5696,0.85
476,0,0,0,0,-0.1216,-0.1394,0.7391,-0.1017,-0.25
477,0,0,1,1,0.0666,0.2998,0.8696,0.1102,0.65
478,0,0,0,0,-0.13,0.0397,-0.0435,-0.1127,0.7
479,0,1,1,0,,,-0.2174,,-0.3
480,0,0,0,0,-0.1092,-0.1632,-0.3478,0.1934,-0.2
481,0,0,0,1,-0.0595,0.0899,-0.087,-0.0678,0.1
482,0,0,0,1,-0.1205,-0.0913,-0.1739,,-0.5
483,0,0,1,0,-0.1299,-0.2064,,-0.1119,-0.25
484,0,0,0,0,,-0.2071,,,-0.5
485,0,2,0,2,0.0485,0.7425,1.087,0.1344,0.45
486,0,3,0,1,-0.1197,,-0.4348,0.0144,-0.25
487,0,2,0,1,-0.0277,,0.2609,-0.1062,0.3
488,0,0,1,0,-0.1276,-0.182,-0.6087,-0.1073,-0.3
489,0,0,0,2,2.0819,1.4028,0.087,0.6464,0.55
490,0,3,1,0,,,,,-0.5
491,0,1,1,0,-0.0885,-0.1722,0.7826,-0.0633,-0.2
492,0,0,0,0,,-0.113,-0.2174,-0.1128,-0.35
493,0,0,0,0,-0.13,0.0397,-0.0435,-0.1127,0.7
494,0,0,0,0,,-0.1283,-0.6087,,-0.5
495,0,0,0,0,-0.13,0.0397,-0.0435,-0.1127,0.7
496,0,3,1,0,-0.0685,-0.1178,-0.5652,-0.1062,-0.2
497,0,0,1,0,-0.1289,-0.198,-0.3478,-0.1062,-0.2
498,0,1,0,2,1.5751,0.9566,1.2609,0.5696,0.85
499,0,0,1,1,0.6426,0.4386,0.2174,0.0113,0.45
500,0,2,1,0,-0.1193,-0.1743,0.3043,-0.0709,0.15
501,0,0,1,2,,,,,-0.5
502,0,3,0,0,,-0.2064,,,-0.5
503,0,0,0,2,0.8799,0.8743,1.3478,0.0159,0.8
504,0,0,0,0,,,-0.5217,-0.1107,-0.5
505,0,0,0,0,,-0.2022,,,-0.5
506,0,1,0,2,18.3808,0.8485,1.4348,4.407,0.8
507,0,1,1,1,0.1944,2.3664,,-0.0995,0.55
508,0,0,0,0,-0.0433,0.0237,0.2174,0.0416,0.5
509,0,0,0,1,-0.1226,-0.1666,0.913,-0.0859,0.25
510,0,1,1,1,0.3805,0.9817,1.087,0.8605,0.55
511,0,0,0,1,-0.0933,0.2677,-0.087,0.791,0.2
512,0,0,0,0,,-0.2008,-0.4783,,-0.45
513,0,1,1,1,1.3717,0.8855,1.5652,,0.6
514,0,0,0,2,21.5506,20.7077,,2.147,0.65
515,0,0,0,1,-0.0098,0.4393,0.1304,-0.0716,-0.35
516,0,2,1,1,0.1747,-0.1032,1.1304,1.1483,-0.35
517,0,2,0,0,,-0.2078,,,-0.5
518,0,0,0,0,,-0.2022,,-0.1107,-0.25
519,0,0,1,0,-0.13,-0.1952,-0.1304,-0.1129,-0.5
520,0,1,1,0,,-0.1959,,,-0.5
521,0,0,1,1,21.3606,12.3409,,,0.4
522,0,0,1,1,0.6564,1.6225,,0.7009,-0.05
523,0,0,0,0,,,-0.5652,,-0.35
524,0,0,0,0,-0.13,0.0397,-0.0435,-0.1127,0.7
525,0,2,1,0,-0.1277,-0.1157,-0.3478,-0.0516,-0.45
526,0,0,0,0,-0.1291,-0.1806,-0.5217,-0.104,-0.45
527,0,0,1,0,-0.1292,-0.2043,-0.2609,-0.1107,-0.5
528,0,0,1,0,,,,,-0.5
529,0,2,1,0,,,,-0.1107,-0.5
530,0,3,0,2,1.0893,1.3519,1.1304,1.605,1.2
531,0,0,1,0,-0.124,-0.2022,0.0435,-0.1085,-0.2
532,0,0,1,2,0.6135,0.5815,1.3478,-0.1089,1.3
533,0,0,0,0,-0.0922,0.0823,0.7391,1.0019,0.7
534,0,0,1,0,,-0.2057,-0.5217,,-0.5
535,0,0,0,0,-0.122,-0.0139,-0.2609,-0.1062,-0.35
536,0,0,1,0,-0.1286,-0.1813,-0.3478,-0.1006,-0.5
537,0,0,0,0,,-0.1841,-0.6087,,-0.5
538,0,1,0,2,22.7143,,-0.2609,605.9868,0.65
539,0,0,0,0,-0.1277,-0.0976,,-0.104,-0.5
540,0,0,0,0,-0.1285,-0.1896,-0.2609,-0.1028,-0.2
541,0,3,1,0,-0.1073,-0.2029,0.3478,-0.1096,0.1
542,0,0,1,1,0.1911,-0.1645,0.0435,-0.0904,0.15
543,0,0,1,0,,-0.2064,-0.5652,,-0.5
544,0,0,0,0,-0.1251,-0.0837,-0.5217,-0.1107,-0.25
545,0,0,0,0,-0.13,0.0397,-0.0435,-0.1127,0.7
546,0,0,0,0,,-0.113,,-0.1107,-0.5
547,0,3,1,1,-0.1248,-0.205,0.7391,-0.048,0.75
548,0,0,1,0,,-0.2022,,-0.1107,-0.25
549,0,0,1,0,,-0.2022,,,-0.5
550,0,2,0,0,-0.1295,-0.2029,-0.5217,-0.1099,-0.3
551,0,1,0,0,,,,,-0.5
552,0,0,0,2,2.0819,1.4028,0.087,0.6464,0.55
553,0,0,1,0,-0.1301,-0.205,0.4348,-0.1106,-0.5
554,0,2,0,1,0.3021,1.552,0.6957,-0.0993,0.25
555,0,0,0,0,-0.13,0.0397,-0.0435,-0.1127,0.7
556,0,0,0,0,-0.1272,-0.115,,-0.1128,-0.35
557,0,3,1,1,0.3533,0.3354,0.087,0.4736,0.8
558,0,0,1,0,-0.1076,-0.1604,-0.1739,-0.1119,-0.35
559,0,1,0,0,,-0.1604,-0.4348,,-0.5
560,0,3,1,1,1.3821,0.7007,1.3478,0.4946,1.05
561,0,0,1,0,,-0.2022,-0.4783,,-0.5
562,0,0,1,0,-0.1168,-0.168,0.1739,-0.0945,0.0
563,0,3,1,0,,,,,-0.45
564,0,2,1,0,-0.0926,0.1116,,0.0395,0.2
565,0,0,0,0,,-0.2071,,,-0.5
566,0,0,0,0,,-0.2085,,,-0.4
567,0,0,1,0,-0.1299,-0.2064,-0.6957,-0.104,0.05
568,0,2,0,1,0.3021,1.552,0.6957,-0.0993,0.0
569,0,1,0,2,1.5751,0.9566,,0.5696,0.85
570,0,3,1,1,0.0478,0.3047,1.3478,-0.0256,0.75
571,0,1,0,0,,-0.2078,,-0.1107,-0.3
572,0,0,1,0,,-0.1903,0.4348,,-0.5
573,0,2,1,0,-0.1267,-0.1708,0.0435,-0.1087,-0.2
574,0,0,1,1,0.15,1.0207,,0.2427,0.5
575,0,3,0,0,-0.1283,-0.1422,-0.3478,-0.0084,-0.35
576,0,0,1,0,-0.1272,-0.1952,,0.113,-0.2
577,0,0,0,2,17.6008,9.094,-1.3043,76.3061,1.15
578,0,0,0,2,17.6008,9.094,-1.3043,76.3061,1.15
579,0,0,1,0,-0.1276,-0.1973,-0.0435,-0.1062,0.05
580,0,0,1,0,-0.1194,-0.1081,0.0,-0.105,0.1
581,0,3,1,2,0.8748,0.0983,0.7826,0.1557,1.8
582,0,0,0,0,,-0.2057,,,-0.35
583,0,0,0,0,-0.1272,-0.115,,-0.1128,-0.35
584,0,3,1,0,-0.0683,-0.0356,0.7826,-0.0354,-0.1
585,0,0,1,1,1.5975,0.5871,0.8261,0.4315,0.8
586,0,3,0,0,-0.112,-0.1576,0.1304,-0.0735,0.8
587,0,5,0,1,-0.03,,1.0,-0.103,0.0
588,0,4,0,0,-0.1252,-0.1834,-0.2609,-0.0805,-0.3
589,0,0,0,2,1.1341,1.6761,-1.3043,9.6525,0.45
590,0,0,0,0,,-0.2092,,,-0.45
591,0,3,1,2,0.6477,1.9055,-0.4348,0.4294,0.9
592,0,1,0,0,-0.1285,-0.1917,-0.3913,0.0411,-0.35
593,0,0,0,0,0.0777,3.712,-0.0435,-0.07,0.7
594,0,0,1,1,0.2396,-0.0237,1.1304,0.102,0.4
595,0,0,1,2,,,,,-0.35
596,0,0,1,0,,,-0.5217,-0.1107,-0.5
597,0,0,0,0,,0.0697,1.0,-0.0904,-0.35
598,0,0,1,0,-0.1194,-0.1799,0.3913,0.3232,0.6
599,0,0,0,0,,,,,-0.5
600,0,0,0,0,,-0.2022,,-0.1107,-0.25
601,0,0,1,0,-0.1243,-0.1046,-0.5217,-0.1107,-0.4
602,0,3,1,2,0.1727,0.1778,,0.0124,0.45
603,0,0,0,0,-0.13,0.0397,-0.0435,-0.1127,0.7
604,0,0,0,1,-0.0513,-0.0488,0.5217,-0.113,0.2
605,0,0,1,0,,-0.2057,,,-0.5
606,0,0,0,0,-0.13,0.0397,-0.0435,-0.1127,0.7
607,0,0,1,0,-0.1277,-0.1157,-0.3478,-0.0516,-0.45
608,0,0,0,2,2.0819,1.4028,0.087,0.6464,0.55
609,0,0,1,0,-0.1292,-0.2057,,-0.0993,-0.4
610,0,0,0,0,-0.1239,-0.1973,-0.1739,-0.1123,-0.5
611,0,0,0,2,21.5506,4.4623,,2.147,0.65
612,0,0,0,0,-0.13,0.0397,-0.0435,-0.1127,0.7
613,0,0,0,1,0.6426,0.4386,0.2174,0.0113,0.45
614,0,0,0,0,-0.1078,0.1227,,-0.0992,-0.15
615,0,0,1,0,-0.1247,-0.1046,-0.3913,-0.1107,-0.25
616,0,1,0,2,22.7143,,-0.2609,605.9868,0.65
617,0,0,1,0,-0.1035,-0.168,,0.2503,-0.35
618,0,0,0,0,,-0.1806,,,-0.5
619,0,0,1,1,0.1307,0.1102,0.087,-0.0264,-0.05
620,0,0,1,0,-0.1258,-0.1848,-0.087,-0.1125,-0.35
621,0,0,0,1,0.6426,0.4386,0.2174,0.0113,0.45
622,0,0,0,0,,-0.113,-0.2174,-0.1128,-0.35
623,0,0,0,1,0.037,0.5292,,0.7432,0.7
624,0,1,1,0,,-0.2036,,,-0.5
625,0,0,0,0,-0.13,0.0397,-0.0435,-0.1127,0.7
626,0,3,0,0,,-0.198,-0.7826,,-0.35
627,0,0,0,0,-0.1295,-0.2043,-0.087,-0.1107,-0.2
628,0,1,1,1,0.0534,0.0342,1.2174,0.2188,0.4
629,0,3,0,0,0.2704,-0.2071,-0.1739,17.2311,0.15
630,0,1,1,1,-0.0355,-0.0572,0.4783,0.0392,0.0
631,0,2,1,0,-0.1241,-0.1841,0.0435,-0.104,0.45
632,0,2,0,0,-0.1277,,,-0.1119,-0.2
633,0,0,0,1,-0.0513,-0.0488,0.5217,-0.113,0.2
634,0,0,0,0,,-0.1966,,,-0.5
635,0,0,0,0,,,,,-0.15
636,0,2,1,1,0.7896,0.3612,0.2609,0.9375,1.95
637,0,1,0,2,22.7143,,-0.2609,605.9868,0.65
638,0,0,0,0,-0.0504,-0.092,0.3478,-0.0926,-0.2
639,0,1,0,2,22.7143,,-0.2609,605.9868,0.65
640,0,2,1,1,0.0253,0.0781,0.6957,0.0678,0.25
641,0,2,0,0,,-0.2022,,,-0.3
642,0,1,0,2,22.7143,,-0.2609,605.9868,0.65
643,0,4,1,2,18.1031,8.0927,1.4783,14.9663,2.05
644,0,0,0,0,-0.13,0.0397,-0.0435,-0.1127,0.7
645,0,0,0,1,0.037,0.5292,,0.7432,0.7
646,0,0,0,2,17.6008,9.094,-1.3043,76.3061,1.15
647,0,0,0,0,-0.1129,-0.0139,-0.3478,-0.099,-0.35
648,0,0,1,0,,,,,0.05
649,0,1,1,0,-0.1292,-0.2064,-0.1304,-0.0859,-0.5
650,0,2,0,0,,-0.2022,,,-0.3
651,0,2,1,0,-0.1241,-0.1841,0.0435,-0.104,0.45
652,0,1,1,2,7.2445,1.7758,1.4348,34.4936,0.9
653,0,0,1,1,-0.0832,-0.1799,-0.2609,0.0872,-0.2
654,0,0,0,1,-0.0933,0.2677,-0.087,0.791,0.2
655,0,0,1,0,-0.1292,-0.2057,,-0.0993,-0.4
656,0,1,1,0,-0.1035,-0.168,,0.2503,-0.35
657,0,2,0,0,-0.1277,,,-0.1119,-0.2
658,0,4,1,0,-0.1301,-0.2015,-0.087,-0.079,-0.05
659,0,0,1,0,,-0.205,-0.5217,,-0.5
660,0,0,0,2,21.5506,4.4623,,2.147,0.65
661,0,0,1,0,,,-0.5217,,-0.5
662,0,0,0,0,,-0.2085,,,-0.5
663,0,0,1,0,-0.13,-0.2071,,-0.1119,-0.5
664,0,0,1,1,0.6564,1.6225,,0.7009,-0.05
665,0,1,0,1,3.4104,0.8778,1.087,3.6715,1.5
666,0,0,0,0,0.0777,3.712,-0.0435,-0.07,0.7
667,0,0,1,1,21.3606,12.3409,,,0.4
668,0,0,0,0,-0.1131,-0.0265,-0.1304,-0.1107,0.2
669,0,0,0,0,-0.13,0.0397,-0.0435,-0.1127,0.7
670,0,0,0,2,10.4615,0.4985,1.2609,12.8586,0.15
671,0,0,1,0,,-0.2015,,,-0.5
672,0,0,0,0,-0.13,0.0397,-0.0435,-0.1127,0.7
673,0,3,1,1,1.0082,0.182,1.2609,0.0678,0.3
674,0,0,0,0,,,,,-0.45
675,0,1,0,2,1.5751,0.9566,1.2609,0.5696,0.85
676,0,0,0,2,2.1978,3.2407,0.8261,0.806,1.05
677,0,3,1,2,0.6477,1.9055,-0.4348,0.4294,0.9
678,0,0,0,1,-0.0513,-0.0488,0.5217,-0.113,0.2
679,0,2,0,1,-0.0107,0.5271,0.0,0.0488,0.15
680,0,0,0,0,-0.13,0.0397,-0.0435,-0.1127,0.7
681,0,2,1,0,-0.0991,-0.1325,-0.087,5.5383,-0.35
682,0,0,0,0,-0.1131,-0.0265,-0.1304,-0.1107,0.2
683,0,0,1,2,0.6135,0.5815,1.3478,-0.1089,1.3
684,0,0,0,1,0.0,0.3939,-0.3913,0.0486,-0.5
685,0,3,1,1,1.3821,0.7007,1.3478,0.4946,1.05
686,0,1,0,2,22.7143,,-0.2609,605.9868,0.65
687,0,0,1,0,-0.1271,-0.2008,-0.0435,-0.1107,0.15
688,0,0,0,0,,-0.2008,-0.6087,,-0.5
689,0,0,0,0,,0.0697,1.0,-0.0904,-0.35
690,0,0,0,0,-0.1285,-0.1896,-0.2609,-0.1028,-0.2
691,0,0,1,0,,,-0.2174,,-0.3
692,0,0,0,1,-0.0277,-0.1171,0.2609,-0.1062,0.3
693,0,0,0,2,2.0819,1.4028,0.087,0.6464,0.55
694,0,0,0,0,-0.13,0.0397,-0.0435,-0.1127,0.7
695,0,0,1,0,-0.1251,-0.2071,-0.6522,-0.104,-0.4
696,0,0,0,0,-0.1293,-0.2071,,-0.1121,0.2
697,0,0,0,2,-0.0596,-0.0558,0.0,1.7376,0.05
698,0,2,1,0,-0.063,-0.1799,0.6522,-0.1017,0.35
699,0,0,0,0,,-0.2071,,,-0.5
700,0,1,1,0,-0.1302,-0.182,,0.0219,-0.1
701,0,3,1,0,-0.1162,-0.1855,0.0,-0.1006,-0.5
702,0,2,1,1,0.4531,0.8158,-0.1739,1.4671,0.15
703,0,2,1,0,-0.1199,-0.1687,0.087,-0.0746,0.25
704,0,0,0,0,-0.13,0.0397,-0.0435,-0.1127,0.7
705,0,0,1,2,0.6135,0.5815,1.3478,-0.1089,1.3
706,0,1,1,0,-0.0926,-0.1931,0.0435,-0.1017,-0.5
707,0,1,0,2,22.7143,,-0.2609,605.9868,0.65
708,0,0,0,0,-0.1238,0.0265,0.0435,1.798,-0.45
709,0,0,0,0,,,,,-0.45
710,0,0,0,0,-0.1272,-0.115,,-0.1128,-0.35
711,0,0,1,0,-0.087,-0.1095,0.5217,-0.0892,0.25
712,0,1,1,0,,-0.1785,-0.3043,,-0.5
713,0,3,0,1,1.3131,1.2222,1.4783,-0.0244,0.8
714,0,3,1,0,,-0.1827,-0.0435,,-0.35
715,1,1,0,2,1.5751,0.9566,,0.5696,0.85
716,1,0,0,0,-0.13,0.0397,-0.0435,-0.1127,0.7
717,1,2,0,0,-0.1245,-0.1931,0.087,-0.1084,-0.2
718,1,0,0,1,0.2738,0.2378,1.913,0.2014,0.15
719,1,0,1,0,,,,,-0.4
720,1,0,0,0,-0.0068,0.1011,,-0.0887,-0.3
721,1,0,1,0,-0.1192,-0.1583,-0.6522,-0.0949,0.25
722,1,3,1,0,-0.1293,-0.2001,-1.1739,-0.1014,0.3
723,1,0,1,0,,-0.0349,-0.4348,,-0.4
724,1,0,0,0,-0.13,0.0397,-0.0435,-0.1127,0.7
725,1,0,0,2,21.5506,20.7077,,2.147,0.65
726,1,0,1,0,-0.1277,-0.1813,,,-0.35
727,1,0,1,0,-0.1122,-0.1813,-0.0435,-0.0927,-0.05
728,1,0,1,0,-0.1281,-0.2001,0.087,-0.1076,-0.2
729,1,3,0,2,0.1571,0.2789,,-0.046,0.05
730,1,0,0,1,4.5712,,1.3913,6.4333,1.35
731,1,0,1,0,-0.1189,-0.152,0.1304,-0.0931,0.35
732,1,1,0,2,22.7143,,-0.2609,605.9868,0.65
733,1,0,1,0,-0.1251,-0.2071,-0.6522,-0.104,-0.4
734,1,3,0,1,3.7512,1.0521,1.1739,0.2966,1.75
735,1,0,0,2,17.6008,9.094,-1.3043,76.3061,1.15
736,1,3,1,0,-0.0634,-0.1374,0.7826,3.0172,-0.5
737,1,0,0,0,0.0777,3.712,-0.0435,-0.07,0.7
738,1,0,0,0,-0.13,0.0397,-0.0435,-0.1127,0.7
739,1,3,0,0,-0.0958,-0.1945,0.1304,1.2046,-0.5
740,1,0,0,0,-0.1133,,0.8261,-0.0904,0.25
741,1,1,0,2,0.6288,-0.0544,0.9565,1.0514,1.5
742,1,1,1,0,-0.126,-0.0851,-0.5652,-0.1085,-0.35
743,1,0,0,0,,-0.2085,,,-0.5
744,1,0,0,2,,,0.4348,,-0.15
745,1,2,1,2,0.3691,0.0314,1.2609,1.6779,0.05
746,1,3,1,1,2.647,1.9474,0.8696,14.9583,0.2
747,1,0,0,0,-0.13,0.0397,-0.0435,-0.1127,0.7
748,1,1,1,1,0.3995,5.9425,-0.0435,0.0678,0.35
749,1,0,1,1,0.0373,3.7107,-0.6087,0.0,-0.35
750,1,0,1,0,,,-0.4348,,-0.3
751,1,0,0,1,0.2379,-0.046,0.2609,-0.0881,-0.35
752,1,2,0,2,2.4007,2.3029,,0.9737,1.0
753,1,1,0,2,22.7143,,-0.2609,605.9868,0.65
754,1,0,1,0,,,,,-0.5
755,1,1,0,1,0.3473,0.2775,2.2174,1.1678,1.45
756,1,0,0,0,-0.1302,,,-0.1107,-0.45
757,1,3,1,0,-0.1276,-0.1806,,-0.1062,0.05
758,1,0,0,0,-0.1301,-0.2071,-0.3913,-0.1127,-0.1
759,1,0,1,0,,,,,-0.5
760,1,0,1,0,,,-0.5217,,-0.5
761,1,2,0,0,-0.1276,,-0.3043,-0.1125,-0.45
762,1,0,1,0,,,,,0.05
763,1,0,1,0,-0.126,-0.191,0.1739,-0.1028,-0.2
764,1,2,1,0,,,,,-0.5
765,1,3,1,2,10.2384,8.2705,-0.8261,2.5312,-0.25
766,1,0,1,0,,,-0.6087,,-0.2
767,1,0,1,0,-0.1277,-0.2043,-0.8696,-0.113,-0.35
768,1,0,1,0,,,-0.3478,,-0.5
769,1,2,1,0,0.0358,-0.0328,-0.087,-0.0768,0.05
770,1,0,0,0,0.0777,3.712,-0.0435,-0.07,0.7
771,1,0,1,0,-0.1274,-0.1903,0.1304,-0.1096,-0.2
772,1,0,0,0,,-0.2057,,,-0.5
773,1,2,1,1,0.4531,0.8158,-0.1739,1.4671,0.15
774,1,1,1,0,-0.126,-0.0851,-0.5652,-0.1085,-0.35
775,1,0,0,0,-0.0922,0.0823,0.7391,1.0019,0.7
776,1,0,0,0,,1.1853,1.3913,13.5213,-0.05
777,1,0,0,0,0.0372,0.4888,-0.1739,1.5678,-0.35
778,1,0,1,0,-0.1292,-0.2036,-0.913,-0.1017,-0.2
779,1,0,1,0,,,,,-0.45
780,1,1,0,2,3.1277,8.7809,0.3913,0.1317,0.8
781,1,3,1,1,0.036,0.0628,0.5217,0.0226,0.4
782,1,1,1,1,0.2694,0.3319,1.1739,0.2896,-0.2
783,1,0,0,0,-0.1278,-0.1638,-0.4783,-0.1048,-0.1
784,1,0,0,2,,0.3389,0.3043,0.2381,0.3
785,1,0,0,1,0.6426,0.4386,0.2174,0.0113,0.45
786,1,0,1,1,0.7221,-0.0223,0.3478,-0.0558,1.05
787,1,0,0,2,21.5506,4.4623,,2.147,0.65
788,1,0,0,0,,,,,-0.5
789,1,0,1,0,0.1487,-0.0516,0.8696,6.0409,0.6
790,1,0,1,0,-0.0977,0.4497,-0.3043,-0.1017,-0.2
791,1,2,0,1,-0.0204,0.1485,,1.2997,-0.25
792,1,0,0,0,-0.1272,-0.115,,-0.1128,-0.35
793,1,0,0,0,,-0.205,,,-0.5
794,1,0,0,2,21.5506,20.7077,,2.147,0.65
795,1,1,1,0,-0.1175,,,-0.1107,-0.4
796,1,2,0,0,-0.1245,-0.1931,0.087,-0.1084,-0.2
797,1,0,0,0,-0.13,0.0397,-0.0435,-0.1127,0.7
798,1,0,0,0,-0.1297,-0.1973,-0.4348,-0.1107,-0.25
799,1,1,0,2,22.7143,,-0.2609,605.9868,0.65
800,1,0,0,0,-0.0504,-0.092,0.3478,-0.0926,-0.2
801,1,3,1,0,-0.0796,-0.1673,-0.3478,-0.1119,0.1
802,1,3,1,2,2.4047,2.0366,,3.277,1.1
803,1,0,0,2,-0.1155,-0.1876,0.5217,-0.085,-0.2
804,1,2,0,0,-0.1298,-0.2036,-0.6957,-0.1129,0.15
805,1,0,0,2,17.6008,9.094,-1.3043,76.3061,1.15
806,1,0,0,0,-0.1291,-0.2064,,-0.1105,-0.35
807,1,0,0,0,-0.13,0.0397,-0.0435,-0.1127,0.7
808,1,2,1,0,,-0.2071,,,-0.5
809,1,0,0,1,0.2326,0.6805,1.3913,0.9591,0.4
810,1,0,1,0,,,,,-0.45
811,1,3,1,2,7.0163,2.2409,1.3913,5.3951,-0.5
812,1,1,0,2,21.5506,20.7077,,2.147,0.65
813,1,0,0,0,-0.13,0.0397,-0.0435,-0.1127,0.7
814,1,3,1,0,,-0.1945,,,-0.1
815,1,0,0,0,,-0.2078,-0.5217,,-0.5
816,1,0,1,0,-0.1296,-0.2022,,-0.1045,-0.2
817,1,0,1,0,,-0.1994,,,-0.2
818,1,1,0,2,22.7143,,-0.2609,605.9868,0.65
819,1,0,1,0,,,-0.0435,,-0.5
820,1,0,1,0,,,-0.5217,,-0.5
821,1,0,0,0,,-0.2064,-0.3913,,-0.5
822,1,1,1,1,-0.0355,-0.0572,0.4783,0.0392,0.0
823,1,0,1,1,0.1911,-0.1645,0.0435,-0.0904,0.15
824,1,1,0,2,1.5751,0.9566,1.2609,0.5696,0.85
825,1,1,1,0,,-0.2085,-0.7391,,-0.5
826,1,2,1,0,,-0.2057,0.1739,,-0.5
827,1,1,0,2,18.3808,0.8025,1.4348,4.407,0.8
828,1,0,1,0,-0.1288,-0.2071,,-0.1098,-0.1
829,1,0,0,0,,,,,-0.5
830,1,0,0,0,0.0372,0.4888,-0.1739,1.5678,-0.35
831,1,0,0,0,,-0.2022,,,-0.5
832,1,0,0,0,,-0.1701,,,-0.35
833,1,1,0,2,22.7143,,-0.2609,605.9868,0.65
834,1,2,0,0,,-0.2071,,,-0.45
835,1,3,1,1,-0.1299,-0.1743,0.9565,0.565,-0.15
836,1,0,1,1,0.2026,0.023,1.2609,0.4061,0.25
837,1,2,0,0,-0.1277,-0.1952,0.1304,-0.1062,0.25
838,1,0,1,0,,,-0.6087,,-0.5
839,1,0,1,0,,,,,-0.35
840,1,2,1,0,,-0.2071,,,-0.5
841,1,2,1,1,0.036,0.0628,0.5217,0.0226,0.4
842,1,2,0,0,,-0.0976,0.4348,,-0.25
843,1,0,1,0,,,-0.6087,,-0.5
844,1,3,1,2,0.8748,0.0983,0.7826,0.1557,1.8
845,1,0,0,0,,,,,-0.5
846,1,0,1,0,,-0.1799,,,-0.5
847,1,0,1,0,,-0.2064,,,-0.5
848,1,0,1,0,-0.126,-0.2057,-0.1739,-0.1119,-0.2
849,1,0,0,0,,,,,-0.5
850,1,0,1,0,,-0.1903,-0.4348,,-0.5
851,1,0,1,0,,-0.2022,,,-0.5
852,1,0,0,0,,-0.2057,,,-0.35
853,1,0,0,0,,-0.1952,,,-0.5
854,1,3,1,2,0.6477,1.9055,-0.4348,0.4294,0.9
855,1,0,1,1,0.2379,-0.046,0.2609,-0.0881,-0.35
856,1,0,0,0,-0.13,0.0397,-0.0435,-0.1127,0.7
857,1,2,0,0,-0.1276,,-0.3043,-0.1125,-0.45
858,1,3,1,0,-0.1275,-0.205,-0.7826,-0.1017,-0.05
859,1,0,1,0,-0.0767,-0.1862,0.2609,-0.0633,-0.2
860,1,3,0,0,-0.13,-0.2078,,-0.1107,-0.45
861,1,1,0,0,,-0.2078,,,-0.35
862,1,0,1,0,-0.1267,-0.2036,-0.3913,-0.1017,0.0
863,1,3,1,0,-0.1296,-0.2064,-0.2174,-0.1107,-0.2
864,1,0,1,0,,,-0.6522,,-0.5
865,1,1,1,1,0.1701,0.2859,0.3913,0.0746,-0.1
866,1,3,1,0,-0.0418,-0.1708,-0.0435,0.0113,0.05
867,1,0,1,0,-0.114,-0.1994,0.3478,-0.0904,-0.45
868,1,1,1,1,0.1944,2.3664,,-0.0995,0.55
869,1,2,0,0,,-0.2022,,,-0.3
870,1,0,1,0,-0.1263,-0.1945,-0.6522,-0.1017,0.1
871,1,2,0,1,-0.0107,,0.0,0.0488,0.15
872,1,3,1,0,-0.0672,0.0718,,0.113,0.45
873,1,0,1,0,-0.13,-0.2071,0.6957,-0.1119,0.05
874,1,3,1,2,32.7517,8.2852,-1.0,10.9857,1.75
875,1,0,0,0,,-0.2085,,-0.1128,-0.25
876,1,0,0,1,21.3606,12.3409,,,0.4
877,1,1,0,1,,-0.1604,,,-0.15
878,1,0,0,0,-0.1277,-0.0976,,-0.104,-0.5
879,1,0,1,0,,-0.198,,,-0.45
880,1,0,0,1,0.5442,0.1116,0.3478,-0.0678,0.5
881,1,3,1,1,-0.0029,-0.0941,1.2609,0.0371,0.3
882,1,0,0,0,-0.13,0.0397,-0.0435,-0.1127,0.7
883,1,0,0,0,,-0.1743,,,-0.5
884,1,0,0,2,3.246,2.0296,1.2174,4.4004,1.45
885,1,0,0,0,-0.1216,-0.1394,0.7391,-0.1017,-0.25
886,1,0,0,0,-0.1281,-0.1743,,,-0.5
887,1,0,0,2,21.5506,20.7077,,2.147,0.65
888,1,0,1,0,-0.1266,-0.1604,-0.0435,-0.1107,0.3
889,1,0,1,0,-0.1285,-0.205,-0.4348,-0.104,-0.2
890,1,0,1,0,0.7644,2.2005,0.5652,0.103,0.2
891,1,1,0,2,3.1277,8.7809,0.3913,0.1317,0.8
892,1,0,0,0,,-0.1743,,,-0.5
893,1,3,1,1,0.2026,0.023,1.2609,0.4061,0.25
894,1,1,1,0,,-0.2008,0.087,,-0.5
895,1,1,1,0,-0.1285,-0.2064,,-0.1017,-0.35
896,1,0,0,0,-0.13,0.0397,-0.0435,-0.1127,0.7
897,1,0,1,0,-0.1301,-0.2092,,-0.1107,-0.1
898,1,3,1,1,-0.067,-0.1081,1.1304,-0.0904,0.0
899,1,0,0,2,18.978,3.3516,0.1304,0.4853,1.2
900,1,0,0,1,,,,,-0.5
901,1,2,1,0,,-0.2078,-1.087,-0.1062,-0.05
902,1,0,0,1,0.9762,0.4434,0.9565,1.1949,0.75
903,1,0,0,0,,,-0.5652,,-0.35
904,1,0,1,0,-0.1258,-0.1994,0.4348,-0.1062,-0.15
905,1,2,1,0,-0.1281,-0.2022,0.1304,-0.1078,-0.1
906,1,0,0,0,-0.13,0.0397,-0.0435,-0.1127,0.7
907,1,0,1,0,-0.1268,-0.1764,-0.3478,-0.1062,-0.2
908,1,1,1,2,0.6704,1.3157,,-0.0586,0.8
909,1,4,1,0,-0.0598,-0.1067,2.3913,0.486,0.25
910,1,1,0,2,22.7143,,-0.2609,605.9868,0.65
911,1,2,0,0,-0.1245,-0.1931,0.087,-0.1084,-0.2
912,1,0,0,1,0.1409,-0.1394,0.7826,-0.113,0.1
913,1,0,0,2,9.9596,9.1253,2.087,9.9183,1.05
914,1,0,1,0,-0.1271,-0.1994,-0.6957,-0.104,-0.5
915,1,2,0,1,-0.0204,0.1485,,1.2997,-0.25
916,1,0,0,2,18.978,3.3516,0.1304,0.4853,1.2
917,1,0,0,0,0.7644,2.2005,0.5652,0.103,0.2
918,1,2,0,0,-0.1042,-0.1143,1.087,-0.0954,-0.05
919,1,0,1,0,,-0.1806,0.087,,-0.2
920,1,0,1,0,,,-0.6957,,-0.35
921,1,0,0,1,0.0457,-0.0628,0.2174,-0.0883,-0.2
922,1,2,0,0,-0.1277,,,-0.1119,-0.2
923,1,3,0,1,-0.1197,,-0.4348,0.0144,-0.25
924,1,0,0,2,17.6008,9.094,-1.3043,76.3061,1.15
925,1,2,1,0,-0.1301,,-1.0,-0.1119,-0.5
926,1,0,0,0,-0.13,0.0397,-0.0435,-0.1127,0.7
927,1,1,0,2,1.5751,0.9566,,0.5696,0.85
928,1,0,0,1,0.0,,-0.3913,0.0486,-0.5
929,1,0,0,0,-0.13,0.0397,-0.0435,-0.1127,0.7
930,1,0,1,0,-0.1251,-0.2022,0.3043,-0.1119,-0.5
931,1,0,1,0,,-0.2064,,,-0.5
932,1,0,1,2,0.1727,0.1778,,0.0124,0.45
933,1,3,0,0,-0.03,,1.0,-0.103,0.0
934,1,0,0,2,2.0819,1.4028,0.087,0.6464,0.55
935,1,1,1,0,-0.1152,-0.1673,0.0435,-0.0333,-0.05
936,1,0,0,0,,-0.2022,-0.913,,-0.5
937,1,1,0,2,1.9703,0.9629,1.4348,11.4021,1.65
938,1,1,0,0,,,-0.6087,,-0.45
939,1,1,0,0,,,,,-0.5
940,1,0,0,0,,,-0.7826,,-0.5
941,1,0,0,0,,,-0.5652,,-0.35
942,1,2,1,0,-0.0698,-0.1374,0.087,0.145,0.4
943,1,2,0,1,0.3021,1.552,0.6957,-0.0993,0.0
944,1,0,0,0,,0.0697,1.0,-0.0904,-0.35
945,1,1,1,1,0.1944,2.3664,,-0.0995,0.55
946,1,3,1,1,0.4771,0.1931,1.3043,0.1942,0.25
947,1,0,1,0,,-0.1394,-0.8696,,-0.5
948,1,0,0,2,0.2017,0.06,0.1304,-0.0403,0.1
949,1,0,0,0,-0.1284,-0.1896,-0.0435,-0.1017,0.15
950,1,0,1,0,,,,,-0.35
951,1,0,0,0,,,,,-0.3
952,1,0,1,0,,-0.2022,,,-0.5
953,1,0,0,2,2.0819,1.4028,0.087,0.6464,0.55
954,1,2,1,0,-0.128,-0.2022,0.2174,-0.1016,-0.2
955,1,0,1,1,,-0.1883,,-0.1107,-0.2
956,1,0,0,0,,-0.1367,,,-0.45
957,1,3,0,1,-0.0205,2.5797,,0.6328,-0.1
958,1,2,0,1,0.3021,,0.6957,-0.0993,0.25
959,1,0,1,1,,,,,-0.35
960,1,0,0,0,-0.1078,0.1227,,-0.0992,-0.15
961,1,0,1,0,-0.1294,-0.2071,-0.3043,0.2486,-0.45
962,1,0,0,0,,,-0.3478,,-0.5
963,1,0,0,0,-0.1278,-0.1638,-0.4783,-0.1048,-0.1
964,1,1,0,2,22.7143,,-0.2609,605.9868,0.65
965,1,3,1,1,0.7094,0.9245,0.3478,0.2162,0.4
966,1,0,0,0,,-0.1408,0.1304,,-0.5
967,1,1,0,0,,-0.2022,-0.5217,-0.1107,-0.5
968,1,0,1,0,,,-0.5217,-0.1107,-0.5
969,1,1,0,2,22.7143,,-0.2609,605.9868,0.65
970,1,0,1,0,,,-0.6087,,-0.2
971,1,0,1,0,,-0.1743,-0.5652,,-0.1
972,1,0,0,2,10.4615,0.4985,1.2609,12.8586,0.15
973,1,1,1,1,-0.0355,-0.0572,0.4783,0.0392,0.0
974,1,0,1,0,,,-0.3043,,-0.35
975,1,2,0,0,,-0.1855,,,-0.05
976,1,0,0,0,,,-0.8261,,-0.5
977,1,1,0,0,-0.0732,0.0244,0.0,-0.0775,-0.1
978,1,0,1,0,,-0.2085,,,-0.35
979,1,2,0,1,0.3021,1.2934,0.6957,-0.0993,0.0
980,1,1,0,0,,,,,-0.5
981,1,1,1,0,-0.1299,-0.1883,-0.2609,-0.1119,-0.25
982,1,3,0,1,0.7896,0.3612,0.2609,0.9375,1.95
983,1,3,1,1,0.7094,0.9245,0.3478,0.2162,0.4
984,1,0,0,0,,,,,-0.45
985,1,0,1,0,-0.1287,-0.2029,,-0.1038,-0.2
986,1,0,0,0,,1.1853,1.3913,13.5213,-0.05
987,1,3,1,0,-0.1275,-0.1883,-0.0435,-0.1062,0.35
988,1,0,0,0,,-0.2071,,,-0.3
989,1,2,1,1,0.2088,0.0272,0.4783,-0.0054,-0.05
990,1,0,1,0,-0.1297,-0.2064,-0.7391,-0.0915,-0.5
991,1,1,1,1,0.036,0.0628,0.5217,0.0226,0.4
992,1,0,0,0,-0.0855,-0.0035,,-0.1129,0.55
993,1,0,0,0,-0.0504,-0.092,0.3478,-0.0926,-0.2
994,1,0,0,0,,-0.1743,,,-0.5
995,1,0,1,0,-0.1301,-0.2092,,-0.1107,-0.1
996,1,0,1,0,,-0.2057,,,-0.45
997,1,3,1,0,-0.1069,-0.1492,1.2174,0.1255,0.65
998,1,0,0,0,-0.0855,-0.0035,,-0.1129,0.55
999,1,0,1,0,,,,,-0.35
1000,1,0,0,0,-0.1284,-0.1862,,-0.1107,-0.5
1001,1,1,0,2,22.7143,,-0.2609,605.9868,0.65
1002,1,1,0,2,22.7143,,-0.2609,605.9868,0.65
1003,1,0,0,2,17.6008,9.094,-1.3043,76.3061,1.15
1004,1,0,0,2,0.0213,-0.0802,0.4783,0.0668,0.0
1005,1,0,1,0,-0.1299,-0.2085,-0.4783,-0.1107,0.05
1006,1,0,1,0,-0.1277,-0.1813,,,-0.35
1007,1,2,0,0,-0.1276,,-0.3043,-0.1125,-0.45
1008,1,0,0,0,-0.13,0.0397,-0.0435,-0.1127,0.7
1009,1,0,0,0,-0.13,0.0397,-0.0435,-0.1127,0.7
1010,1,0,1,0,-0.1294,-0.2071,-0.3043,0.2486,-0.45
1011,1,0,0,0,-0.1278,-0.1638,-0.4783,-0.1048,-0.1
1012,1,2,0,0,0.3001,-0.1903,0.7391,0.6102,-0.5
1013,1,0,1,1,-0.1207,-0.1945,0.8696,-0.0904,0.05
1014,1,2,1,1,0.4531,0.8158,-0.1739,1.4671,0.15
1015,1,4,0,2,-0.03,,1.0,-0.103,0.0
1016,1,0,0,0,,-0.1952,,,-0.5
1017,1,2,1,1,0.4531,0.8158,-0.1739,1.4671,0.15
1018,1,1,0,0,-0.1216,-0.1394,0.7391,-0.1017,-0.5
1019,1,0,0,0,-0.13,0.0397,-0.0435,-0.1127,0.7
1020,1,0,1,1,21.3606,12.3409,,,0.4
1021,1,0,0,0,,-0.1743,,,-0.5
1022,1,2,1,0,,,-0.7826,,-0.5
1023,1,0,0,1,0.0,0.3228,-0.3913,0.0486,-0.5
1024,1,3,1,1,0.5731,1.064,-0.2609,-0.0862,0.15
1025,1,0,0,0,,-0.113,,-0.1107,-0.5
1026,1,1,0,2,22.7143,,-0.2609,605.9868,0.65
1027,1,1,0,2,1.5751,0.9566,,0.5696,0.85
1028,1,0,1,0,,,-0.6522,,-0.5
1029,1,1,0,0,,,,,-0.5
1030,1,0,0,2,3.246,2.0296,1.2174,4.4004,1.45
1031,1,0,0,0,-0.1272,-0.115,,-0.1128,-0.35
1032,1,0,0,0,,-0.2071,-0.7391,,-0.5
1033,1,2,1,0,-0.1301,,-1.0,-0.1119,-0.5
1034,1,0,1,0,,,,,-0.5
1035,1,2,0,1,-0.0204,0.1485,,1.2997,-0.25
1036,1,0,1,0,-0.1274,-0.2036,0.3478,-0.1096,-0.4
1037,1,0,1,0,-0.1275,-0.1966,-0.1739,-0.1051,-0.5
1038,1,3,0,0,,,,,-0.5
1039,1,3,0,1,0.2189,0.136,1.1739,0.144,0.3
1040,1,3,0,1,3.7512,1.0521,1.1739,0.2966,1.75
1041,1,0,0,2,21.5506,20.7077,,2.147,0.65
1042,1,0,1,0,,-0.2022,-0.6087,,-0.5
1043,1,2,0,0,,0.0279,,,-0.5
1044,1,0,1,1,0.0747,0.106,1.1739,1.9995,0.05
1045,1,0,0,0,,,,,-0.45
1046,1,0,1,0,,,,,0.05
1047,1,3,1,0,-0.0646,-0.053,0.8261,0.0924,0.25
1048,1,0,1,0,,-0.2029,-0.5217,,-0.35
1049,1,0,1,0,,,,,-0.35
1050,1,1,0,1,2.647,1.9474,0.8696,14.9583,0.2
1051,1,0,0,0,,,-0.3043,-0.1119,-0.3
1052,1,0,1,1,0.1409,-0.1394,0.7826,-0.113,0.1
1053,1,0,1,0,,-0.2064,,,-0.5
1054,1,1,1,0,-0.0768,0.0077,0.3913,-0.0621,0.1
1055,1,0,0,0,-0.1299,-0.1883,-0.2609,-0.1119,-0.25
1056,1,0,1,1,0.2193,0.624,-0.5217,1.5967,-0.25
1057,1,3,0,1,1.3131,1.2222,1.4783,-0.0244,0.8
1058,1,0,0,2,0.018,0.9942,0.4783,-0.1017,0.65
1059,1,1,0,2,22.7143,,-0.2609,605.9868,0.65
1060,1,0,0,2,17.6008,9.094,-1.3043,76.3061,1.15
1061,1,2,0,1,0.3021,1.552,0.6957,-0.0993,0.0
1062,1,0,0,0,-0.1278,-0.1638,-0.4783,-0.1048,-0.1
1063,1,0,0,0,-0.1133,,0.8261,-0.0904,0.25
1064,1,0,0,1,-0.0419,-0.113,0.8696,9.842,0.65
1065,1,2,1,0,0.0358,-0.0328,-0.087,-0.0768,0.05
1066,1,2,1,0,-0.1267,-0.1708,0.0435,-0.1087,-0.2
1067,1,0,1,0,,-0.2001,-0.2174,-0.1107,-0.5
1068,1,3,0,0,-0.1038,-0.039,-0.5652,-0.106,0.3
1069,1,0,0,0,,-0.1778,0.6522,,-0.35
1070,1,0,1,0,,-0.2078,-0.6522,,-0.5
1071,1,0,1,2,0.2598,0.1367,1.087,0.113,0.3
1072,1,0,0,1,0.0,0.4441,-0.3913,0.0486,-0.5
1073,1,2,0,0,,-0.2036,-0.4783,,-0.3
1074,1,0,0,2,2.0819,1.4028,0.087,0.6464,0.55
1075,1,0,0,1,-0.1155,-0.1876,0.5217,-0.085,-0.2
1076,1,0,0,0,-0.1293,-0.1952,-0.6522,-0.1119,-0.5
1077,1,4,1,1,-0.1299,-0.1743,0.9565,0.565,-0.15
1078,1,0,1,0,-0.1302,-0.2071,0.4783,-0.1119,-0.25
1079,1,0,1,2,-0.0671,-0.1869,0.4348,-0.1122,0.1
1080,1,0,0,0,-0.13,0.0397,-0.0435,-0.1127,0.7
1081,1,0,0,0,,-0.205,,,-0.5
1082,1,1,0,0,,-0.1987,-0.6522,,-0.5
1083,1,1,1,0,-0.1224,-0.1959,0.0435,-0.106,-0.05
1084,1,0,0,0,,-0.2043,,,-0.35
1085,1,1,1,0,-0.1175,,,-0.1107,-0.4
1086,1,0,0,0,,1.1853,1.3913,13.5213,-0.05
1087,1,0,1,0,-0.1267,-0.2022,0.3913,-0.1119,-0.5
1088,1,1,0,2,22.7143,,-0.2609,605.9868,0.65
1089,1,0,1,0,-0.1288,-0.1938,-0.1739,-0.1028,-0.35
1090,1,0,1,1,21.3606,12.3409,,,0.4
1091,1,0,0,2,9.9596,9.1253,2.087,9.9183,1.05
1092,1,0,1,0,-0.1297,-0.1813,,-0.1107,0.0
1093,1,2,0,0,-0.1125,-0.0488,-0.6522,-0.0452,-0.15
1094,1,3,0,0,,,,,-0.5
1095,1,0,0,0,-0.122,-0.0139,-0.2609,-0.1062,-0.35
1096,1,3,0,0,,,,,-0.5
1097,1,0,0,0,,,,,-0.4
1098,1,3,0,0,-0.0669,0.1394,,-0.1118,-0.25
1099,1,0,1,0,,,-0.6087,,-0.5
1100,1,0,1,0,,-0.1938,-0.1304,-0.1123,-0.5
1101,1,0,0,0,-0.13,0.0397,-0.0435,-0.1127,0.7
1102,1,3,0,2,-0.03,,1.0,-0.103,0.0
1103,1,1,1,1,0.1944,2.3664,,-0.0995,0.55
1104,1,2,0,2,2.4007,2.3029,,0.9737,1.0
1105,1,2,0,1,0.3021,1.2934,0.6957,-0.0993,0.0
1106,1,0,0,0,95.8569,10.7799,0.8261,,0.95
1107,1,0,0,0,-0.1284,-0.1848,-0.3478,-0.1084,-0.5
1108,1,3,1,0,-0.1295,-0.2043,-0.2609,-0.1086,0.2
1109,1,0,0,0,,-0.113,-0.2174,-0.1128,-0.35
1110,1,0,1,0,,-0.1394,-0.8696,,-0.5
1111,1,3,1,0,-0.0418,-0.1708,-0.0435,0.0113,0.05
1112,1,0,0,0,,,,,-0.45
1113,1,1,1,1,-0.0426,0.9364,-0.8696,-0.1017,-0.2
1114,1,0,1,1,0.0937,1.7521,-0.2609,-0.0904,-0.1
1115,1,1,0,2,22.7143,,-0.2609,605.9868,0.65
1116,1,0,1,1,-0.0686,-0.136,0.9565,-0.0904,-0.35
1117,1,0,0,0,-0.13,0.0397,-0.0435,-0.1127,0.7
1118,1,3,1,2,0.8748,0.0983,0.7826,0.1557,1.8
1119,1,2,0,0,-0.1277,,,-0.1119,-0.2
1120,1,0,0,0,-0.1299,-0.1883,-0.2609,-0.1119,-0.25
1121,1,3,0,0,-0.126,0.0,-0.6522,,-0.3
1122,1,1,1,2,0.4563,1.2571,0.1739,5.2432,0.2
1123,1,3,1,0,,-0.1046,,,-0.5
1124,1,0,0,0,,,,,-0.4
1125,1,0,0,0,-0.1265,-0.1541,-0.087,-0.1107,0.15
1126,1,0,0,0,-0.1218,0.0558,,-0.1017,-0.25
1127,1,0,1,1,0.1377,0.3939,0.4348,0.0268,0.65
1128,1,0,1,0,,,-0.5217,,-0.5
1129,1,0,1,0,-0.126,-0.191,0.1739,-0.1028,-0.2
1130,1,0,1,0,-0.1267,-0.2036,-0.3913,-0.1017,0.0
1131,1,0,1,0,-0.1271,-0.2008,-0.0435,-0.1107,0.15
1132,1,1,1,0,-0.1282,-0.2057,0.8261,-0.1094,-0.5
1133,1,3,1,2,0.6477,1.9055,-0.4348,0.4294,0.9
1134,1,0,0,2,2.0819,1.4028,0.087,0.6464,0.55
1135,1,3,1,0,-0.1189,-0.152,0.1304,-0.0931,0.35
1136,1,0,0,0,-0.1131,-0.0265,-0.1304,-0.1107,0.2
1137,1,3,1,2,0.8361,0.1548,1.0,0.339,0.3
1138,1,2,1,0,,,-0.5217,,-0.5
1139,1,1,1,0,-0.1268,-0.1429,-0.2609,-0.0924,-0.2
1140,1,0,0,1,0.1919,,,0.1218,-0.2
1141,1,0,0,1,0.0,,-0.3913,0.0486,-0.5
1142,1,1,1,2,10.2384,8.2705,-0.8261,2.5312,-0.25
1143,1,0,0,0,,-0.2078,-0.3913,,-0.3
1144,1,2,0,1,-0.0435,0.0286,,-0.0226,0.55
1145,1,0,0,0,-0.13,0.0397,-0.0435,-0.1127,0.7
1146,1,1,0,2,22.7143,,-0.2609,605.9868,0.65
1147,1,0,1,0,-0.1277,-0.1813,,,-0.35
1148,1,0,1,0,,,,,0.2
1149,1,3,0,0,,-0.1255,0.4348,-0.1062,0.05
1150,1,0,1,1,1.3074,0.8883,0.3913,-0.1085,-0.1
1151,1,0,1,0,-0.1299,-0.1883,-0.2609,-0.1119,-0.25
1152,1,1,1,0,-0.1293,-0.2015,,-0.1119,-0.15
1153,1,0,0,1,4.5712,,1.3913,6.4333,1.35
1154,1,3,1,0,-0.13,-0.1987,,-0.0904,-0.5
1155,1,2,0,1,0.0048,2.5797,,0.1356,-0.35
1156,1,0,1,0,,0.1255,,,0.0
1157,1,1,1,2,0.6704,1.3157,,-0.0586,0.8
1158,1,2,0,0,,,,,-0.5
1159,1,1,1,0,-0.1224,-0.1959,0.0435,-0.106,-0.05
1160,1,0,0,0,-0.0911,0.3172,0.6957,-0.0596,0.05
1161,1,2,0,0,,,,,-0.5
1162,1,1,1,0,,,,,-0.5
1163,1,0,0,2,5.5637,,,1.1338,1.25
1164,1,0,0,2,17.6008,9.094,-1.3043,76.3061,0.9
1165,1,1,1,1,0.1944,2.3664,,-0.0995,0.55
1166,1,3,0,0,,,,,-0.5
1167,1,1,1,1,0.1944,2.3664,,-0.0995,0.55
1168,1,3,0,1,1.3131,1.2222,1.4783,-0.0244,0.8
1169,1,0,1,0,,-0.2078,-0.6522,,-0.5
1170,1,3,1,0,-0.1302,-0.2043,-0.5652,-0.1017,-0.5
1171,1,0,0,0,-0.0922,0.0823,0.7391,1.0019,0.7
1172,1,0,1,0,-0.0957,-0.1917,0.5217,-0.1073,-0.15
1173,1,0,0,0,,-0.2085,,,-0.5
1174,1,2,1,0,-0.1247,-0.1604,0.2174,-0.082,0.3
1175,1,2,0,1,-0.0204,0.1485,,1.2997,-0.5
1176,1,0,1,0,,-0.2008,-0.4348,,-0.45
1177,1,0,0,0,0.1445,0.175,0.3913,-0.0945,0.15
1178,1,0,1,0,-0.1294,-0.2043,0.2174,-0.109,-0.2
1179,1,0,0,0,-0.1131,-0.0265,-0.1304,-0.1107,0.2
1180,1,2,1,1,0.1747,-0.1032,1.1304,1.1483,-0.35
1181,1,1,1,1,0.2442,0.1157,0.5652,0.1131,0.15
1182,1,1,0,0,-0.1293,-0.2071,,,-0.35
1183,1,2,0,1,3.7512,1.0521,1.1739,0.2966,1.75
1184,1,0,0,0,-0.13,0.0397,-0.0435,-0.1127,0.7
1185,1,0,0,0,-0.0504,-0.092,0.3478,-0.0926,-0.2
1186,1,2,1,0,-0.1299,-0.2064,-0.8261,-0.1108,-0.1
1187,1,1,1,2,0.6704,1.3157,,-0.0586,0.8
1188,1,0,0,0,-0.1272,-0.115,,-0.1128,-0.35
1189,1,3,1,0,,-0.2001,0.0435,-0.1119,-0.15
1190,1,0,1,0,,-0.1701,,,-0.35
1191,1,0,0,2,17.6008,9.094,-1.3043,76.3061,0.9
1192,1,2,0,1,0.3021,1.552,0.6957,-0.0993,0.0
1193,1,0,0,0,-0.13,0.0397,-0.0435,-0.1127,0.7
1194,1,4,1,1,0.2442,0.1157,0.5652,0.1131,0.15
1195,1,0,0,0,-0.1298,-0.2085,,-0.1117,0.25
1196,1,3,1,2,0.8748,0.0983,0.7826,0.1557,1.8
1197,1,0,0,0,0.0372,0.4888,-0.1739,1.5678,-0.35
1198,1,2,0,1,0.3021,1.552,0.6957,-0.0993,0.0
1199,1,0,0,0,,,-0.6957,,-0.35
1200,1,3,1,2,0.6477,1.9055,-0.4348,0.4294,0.9
1201,1,1,0,2,22.7143,,-0.2609,605.9868,0.65
1202,1,0,1,0,-0.1294,-0.2071,-0.3043,0.2486,-0.45
1203,1,0,0,2,17.6008,9.094,-1.3043,76.3061,1.15
1204,1,2,0,2,2.4047,2.0366,,3.277,1.1
1205,1,0,0,0,-0.13,0.0397,-0.0435,-0.1127,0.7
1206,1,1,0,2,22.7143,,-0.2609,605.9868,0.65
1207,1,0,0,1,0.2582,-0.0537,0.3043,-0.0565,0.25
1208,1,3,0,1,1.4147,0.4678,,-0.0633,0.85
1209,1,0,1,0,-0.1299,-0.2022,-0.6087,-0.1062,-0.5
1210,1,2,1,0,-0.1274,0.0669,-0.6087,-0.1062,-0.2
1211,1,0,0,1,0.2379,-0.046,0.2609,-0.0881,-0.35
1212,1,0,1,0,,,,,-0.45
1213,1,3,0,0,-0.1234,-0.175,0.5652,0.0124,-0.1
1214,1,1,0,2,-0.0163,0.0983,1.1304,0.1582,-0.05
1215,1,1,0,0,-0.0276,0.1304,0.3043,-0.0321,0.55
1216,1,0,0,0,-0.126,-0.2078,-0.5652,-0.0859,-0.35
1217,1,2,0,1,0.4422,0.191,0.9565,0.0044,0.65
1218,1,0,0,0,-0.1271,,,,-0.5
1219,1,0,0,0,,0.0697,1.0,-0.0904,-0.35
1220,1,2,0,1,0.3021,1.552,0.6957,-0.0993,0.0
1221,1,0,0,0,-0.1131,-0.0265,-0.1304,-0.1107,0.2
1222,1,2,0,1,0.0048,2.5797,,0.1356,-0.35
1223,1,2,1,2,0.0943,1.0458,,1.3858,0.15
1224,1,0,1,0,,,,,-0.5
1225,1,1,1,0,,-0.2057,,,-0.5
1226,1,0,0,0,,-0.2071,,,-0.25
1227,1,0,0,0,,-0.205,,,-0.5
1228,1,0,1,1,0.2379,-0.046,0.2609,-0.0881,-0.35
1229,1,0,0,1,0.0,0.4441,-0.3913,0.0486,-0.5
1230,1,0,0,0,-0.1272,-0.115,,-0.1128,-0.35
1231,1,1,0,0,,-0.1945,,,-0.5
1232,1,2,0,1,0.0048,2.5797,,0.1356,-0.35
1233,1,3,1,0,-0.1189,-0.152,0.1304,-0.0931,0.35
1234,1,0,0,0,,-0.205,,,-0.5
1235,1,2,1,1,0.4531,0.8158,-0.1739,1.4671,0.15
1236,1,2,0,2,-0.0904,0.5041,-0.5217,-0.0904,0.05
1237,1,1,0,2,3.1277,8.7809,0.3913,0.1317,0.8
1238,1,1,0,1,0.3995,6.9807,-0.0435,0.0678,0.35
1239,1,0,0,0,-0.0218,0.2503,-0.2609,1.0805,-0.2
1240,1,0,1,0,,,-0.6087,,-0.2
1241,1,0,0,1,0.0372,0.4888,-0.1739,1.5678,-0.35
1242,1,0,0,2,17.6008,9.094,-1.3043,76.3061,1.15
1243,1,0,1,1,0.1409,0.3974,0.7826,-0.113,0.1
1244,1,2,0,2,,,,,0.0
1245,1,1,1,0,,-0.1743,-0.5217,,-0.5
1246,1,3,0,0,0.4381,3.2296,-0.7826,3.0471,-0.1
1247,1,0,1,0,,-0.2078,,,-0.5
1248,1,3,1,1,0.5731,1.064,-0.2609,-0.0862,0.15
1249,1,0,1,0,-0.1273,-0.1534,0.1304,-0.1119,-0.3
1250,1,0,1,0,-0.1109,-0.1652,,-0.0678,-0.2
1251,1,2,0,1,-0.0204,0.1485,,1.2997,-0.25
1252,1,0,1,2,-0.0203,0.175,-0.087,0.0,-0.3
1253,1,2,1,2,0.3691,0.0314,1.2609,1.6779,0.05
1254,1,0,1,2,-0.0671,-0.1869,0.4348,-0.1122,0.1
1255,1,2,1,0,-0.0418,-0.1708,-0.0435,0.0113,0.05
1256,1,0,0,0,,,,,-0.15
1257,1,0,1,1,0.0747,0.106,1.1739,1.9995,0.05
1258,1,1,1,0,,-0.2071,,,-0.5
1259,1,0,1,0,-0.1288,-0.1938,-0.1739,-0.1028,-0.35
1260,1,0,1,0,-0.0311,0.0084,-0.0435,-0.0883,0.25
1261,1,0,1,2,2.0421,0.7244,1.1304,2.1132,0.8
1262,1,0,0,0,,-0.113,-0.2174,-0.1128,-0.35
1263,1,0,0,0,,-0.2085,-0.7391,,-0.45
1264,1,0,0,0,-0.13,0.0397,-0.0435,-0.1127,0.7
1265,1,3,0,0,-0.1204,,-0.3043,-0.1119,-0.35
1266,1,3,1,0,,,,,-0.5
1267,1,1,1,0,,,,,-0.5
1268,1,0,1,0,-0.1286,-0.182,,-0.0947,-0.25
1269,1,3,0,1,-0.0277,2.4403,0.2609,-0.1062,0.3
1270,1,2,1,0,-0.1068,-0.0537,0.4783,-0.0915,-0.5
1271,1,0,0,0,,-0.1883,-0.6957,,-0.5
1272,1,0,1,0,-0.1265,,-0.5652,-0.1085,-0.5
1273,1,0,0,0,-0.0855,-0.0035,,-0.1129,0.55
1274,1,3,1,2,0.3493,-0.1645,0.7391,1.695,0.85
1275,1,0,0,0,-0.13,0.0397,-0.0435,-0.1127,0.7
1276,1,0,0,0,,-0.1743,,,-0.5
1277,1,0,0,0,-0.1296,-0.2029,-0.4348,-0.1128,-0.5
1278,1,2,1,0,-0.1189,-0.152,0.1304,-0.0931,0.35
1279,1,0,0,0,,0.0697,-0.2174,,-0.5
1280,1,0,1,1,0.1023,0.1004,0.087,-0.1017,0.1
1281,1,0,1,0,,,-0.6087,,-0.5
1282,1,0,0,0,,,,,-0.45
1283,1,0,0,0,-0.13,0.0397,-0.0435,-0.1127,0.7
1284,1,3,0,0,,,,,-0.5
1285,1,3,1,1,2.647,1.9474,0.8696,14.9583,0.2
1286,1,0,0,0,,-0.1743,,,-0.5
1287,1,1,0,2,22.7143,,-0.2609,605.9868,0.65
1288,1,2,0,1,0.474,0.4427,0.6522,0.0169,0.6
1289,1,0,0,0,,,,,-0.5
1290,1,2,0,0,-0.1277,,,-0.1119,-0.2
1291,1,0,1,0,-0.1277,-0.1813,,,-0.35
1292,1,1,0,2,22.7143,,-0.2609,605.9868,0.65
1293,1,0,1,0,-0.123,-0.1534,-0.4783,-0.0105,-0.1
1294,1,1,1,0,-0.1275,-0.2015,0.2174,-0.1119,-0.1
1295,1,3,0,1,-0.0277,2.4403,0.2609,-0.1062,0.3
1296,1,0,1,0,-0.1284,-0.1862,-0.1739,-0.1085,-0.5
1297,1,0,0,0,,,-0.6957,,-0.35
1298,1,1,0,2,21.5506,20.7077,,2.147,0.65
1299,1,0,1,0,,-0.2015,,,-0.5
1300,1,1,1,1,0.3805,0.9817,1.087,0.8605,0.55
1301,1,0,0,0,,-0.1743,,,-0.5
1302,1,0,0,0,-0.1272,-0.115,,-0.1128,-0.35
1303,1,0,1,2,,,,,-0.35
1304,1,0,0,0,,-0.2078,,,-0.5
1305,1,0,0,0,-0.13,0.0397,-0.0435,-0.1127,0.7
1306,1,0,0,2,18.978,3.3516,0.1304,0.4853,1.2
1307,1,3,0,0,,,,,-0.5
1308,1,0,1,1,,-0.1883,,-0.1107,-0.2
1309,1,0,0,2,2.0819,1.4028,0.087,0.6464,0.55
1310,1,0,1,0,-0.128,-0.1924,0.0435,-0.1065,-0.25
1311,1,0,0,0,,,0.5652,,-0.5
1312,1,0,0,0,,-0.1576,0.6522,,-0.35
1313,1,1,0,2,22.7143,,-0.2609,605.9868,0.65
1314,1,0,1,0,-0.1278,-0.1966,-0.2609,-0.0666,-0.2
1315,1,0,0,2,2.0819,1.4028,0.087,0.6464,0.55
1316,1,2,0,1,,,,,-0.45
1317,1,0,0,1,0.4241,1.6106,0.8696,53.1723,1.1
1318,1,1,0,0,-0.0732,0.0244,0.0,-0.0775,-0.1
1319,1,3,1,0,,,,,-0.5
1320,1,0,0,2,9.9596,9.1253,2.087,9.9183,1.05
1321,1,1,0,0,-0.1281,-0.1848,-0.3043,-0.1107,-0.2
1322,1,1,0,2,22.7143,,-0.2609,605.9868,0.65
1323,1,0,0,0,,,,,-0.5
1324,1,0,0,0,,1.1853,1.3913,13.5213,-0.05
1325,1,0,0,0,,-0.1576,0.6522,,-0.35
1326,1,2,1,0,-0.1297,-0.1973,-0.4348,-0.1107,-0.25
1327,1,0,0,0,-0.1281,-0.2036,-0.2609,-0.1085,-0.35
1328,1,0,0,0,-0.13,0.0397,-0.0435,-0.1127,0.7
1329,1,0,1,0,-0.1262,-0.1848,-0.1304,-0.1053,-0.35
1330,1,2,1,1,0.3336,0.212,0.8696,0.9452,0.45
1331,1,0,1,0,,-0.2057,-0.8261,,-0.5
1332,1,3,0,0,,,-0.2174,,-0.5
1333,1,0,0,0,,-0.2071,-0.7391,,-0.5
1334,1,0,1,0,-0.1292,-0.2022,-0.6087,-0.1092,-0.2
1335,1,0,1,0,,,,,-0.5
1336,1,2,0,0,-0.1276,,-0.3043,-0.1125,-0.45
1337,1,0,1,0,,-0.1394,-0.8696,,-0.5
1338,1,0,1,0,-0.1294,-0.2071,-0.2174,-0.106,-0.25
1339,1,0,0,1,-0.1029,-0.1248,0.6522,-0.0452,-0.25
1340,1,1,1,0,,-0.1813,-0.4783,,-0.5
1341,1,3,1,0,-0.1275,-0.205,-0.7826,-0.1017,-0.05
1342,1,0,1,0,-0.1251,-0.2071,-0.6522,-0.104,-0.4
1343,1,1,0,0,-0.006,,,4.493,-0.5
1344,1,1,0,0,,,-0.6087,,-0.45
1345,1,0,0,0,-0.13,0.0397,-0.0435,-0.1127,0.7
1346,1,0,1,0,,-0.2001,-0.2174,-0.1107,-0.5
1347,1,1,0,2,22.7143,,-0.2609,605.9868,0.65
1348,1,0,1,0,-0.1289,-0.1931,1.087,-0.0181,-0.35
1349,1,3,1,0,-0.1212,-0.1771,0.2174,0.3763,-0.1
1350,1,0,0,0,,-0.1743,,,-0.5
1351,1,3,1,2,10.2384,8.2705,-0.8261,2.5312,-0.25
1352,1,0,1,0,-0.1283,-0.198,-0.1304,-0.1073,-0.1
1353,1,2,0,0,-0.1245,-0.1931,0.087,-0.1084,-0.2
1354,1,0,1,2,-0.0067,0.2015,-0.2174,0.3958,0.05
1355,1,2,1,0,-0.0418,-0.1708,-0.0435,0.0113,0.05
1356,1,1,1,0,,-0.1604,,,-0.15
1357,1,1,0,1,2.1104,3.0957,1.6087,0.4119,1.05
1358,1,0,0,0,,-0.205,,,-0.5
1359,1,0,0,1,4.5712,,1.3913,6.4333,1.35
1360,1,0,1,0,-0.107,-0.1415,0.4783,1.0492,-0.15
1361,1,0,0,0,-0.1293,-0.1952,-0.6522,-0.1119,-0.5
1362,1,1,0,0,,-0.2071,,,-0.5
1363,1,0,0,0,-0.0504,-0.092,0.3478,-0.0926,-0.2
1364,1,1,1,0,-0.0926,-0.1931,0.0435,-0.1017,-0.5
1365,1,3,1,0,-0.006,,,4.493,-0.5
1366,1,0,0,2,18.978,3.3516,0.1304,0.4853,1.2
1367,1,2,0,0,,,,,-0.5
1368,1,3,1,0,-0.1212,-0.1771,0.2174,0.3763,-0.1
1369,1,0,1,0,-0.1291,-0.2064,,-0.1105,-0.35
1370,1,0,1,0,,,,,0.05
1371,1,0,1,0,,-0.2085,,,-0.4
1372,1,0,0,0,-0.13,0.0397,-0.0435,-0.1127,0.7
1373,1,2,1,1,0.036,0.0628,0.5217,0.0226,0.4
1374,1,0,1,0,,,,,-0.4
1375,1,0,0,0,-0.1131,-0.0265,-0.1304,-0.1107,0.2
1376,1,0,0,0,,-0.1743,,,-0.5
1377,1,0,0,0,,-0.1673,,,-0.45
1378,1,2,0,2,2.4007,2.3029,,0.9737,1.0
1379,1,0,0,0,0.7644,2.2005,0.5652,0.103,0.2
1380,1,0,1,0,-0.1283,-0.2057,-0.6087,-0.1037,-0.5
1381,1,2,0,0,-0.1277,,,-0.1119,-0.2
1382,1,0,1,0,,,-0.6087,,-0.2
1383,1,2,0,0,,0.0279,,,-0.5
1384,1,2,1,0,-0.1243,-0.1987,-0.0435,-0.1017,-0.2
1385,1,0,0,0,-0.1287,-0.1394,-0.3043,-0.1017,-0.5
1386,1,0,0,0,19.2765,,,2.147,0.0
1387,1,0,0,0,,0.0697,1.0,-0.0904,-0.35
1388,1,0,1,2,-0.0692,0.6136,-0.1739,0.0,0.6
1389,1,3,1,2,0.6477,1.9055,-0.4348,0.4294,0.9
1390,1,0,0,1,0.2379,-0.046,0.2609,-0.0881,-0.35
1391,1,0,1,0,,,,,-0.45
1392,1,0,0,0,,,-0.4783,,-0.5
1393,1,0,0,0,0.0372,0.4888,-0.1739,1.5678,-0.35
1394,1,1,0,2,1.5751,0.9566,,0.5696,0.85
1395,1,1,1,0,-0.1104,-0.1687,0.0,-0.1096,0.0
1396,1,0,0,0,,1.1853,1.3913,13.5213,-0.05
1397,1,3,1,0,-0.1276,-0.1806,,-0.1062,0.05
1398,1,1,1,1,0.3995,7.3383,-0.0435,0.0678,0.35
1399,1,3,1,0,,-0.2057,-1.3913,-0.1107,-0.5
1400,1,0,0,0,,-0.2057,,,-0.35
1401,1,1,0,2,0.135,1.5339,0.0435,0.0022,-0.1
1402,1,2,1,0,-0.1234,-0.182,0.8696,-0.1006,-0.05
1403,1,0,0,2,17.6008,9.094,-1.3043,76.3061,0.9
1404,1,3,0,0,,,,,-0.5
1405,1,2,1,0,-0.1285,-0.2008,0.3043,-0.0994,-0.15
1406,1,1,0,2,21.5506,20.7077,,2.147,0.65
1407,1,0,1,0,,,-0.5217,,-0.5
1408,1,0,1,0,-0.1292,-0.2022,-0.6087,-0.1092,-0.2
1409,1,3,1,0,,,,,-0.3
1410,1,3,1,1,0.7094,0.9245,0.3478,0.2162,0.4
1411,1,0,1,0,-0.1263,-0.1945,-0.6522,-0.1017,0.1
1412,1,0,1,2,-0.0203,0.175,-0.087,0.0,-0.3
1413,1,0,1,0,,,,,-0.45
1414,1,0,0,0,95.8569,10.7799,0.8261,,0.95
1415,1,0,1,0,-0.1078,0.1227,,-0.0992,-0.15
1416,1,0,0,0,-0.0855,-0.0035,,-0.1129,0.55
1417,1,1,0,2,1.5751,0.9566,1.2609,0.5696,0.85
1418,1,1,1,1,0.2193,0.624,-0.5217,1.5967,-0.25
1419,1,3,0,0,,,,,-0.5
1420,1,3,1,1,0.3038,0.1011,1.6522,2.2379,0.85
1421,1,2,1,0,,-0.0481,,0.0,0.0
1422,1,0,0,2,2.0819,1.4028,0.087,0.6464,0.55
1423,1,0,1,0,-0.1125,-0.1638,0.1304,-0.0927,-0.35
1424,1,3,1,0,-0.1299,-0.2064,0.1304,-0.1129,-0.3
1425,1,0,0,0,-0.1272,-0.115,,-0.1128,-0.35
1426,1,0,0,0,-0.1299,-0.1952,-0.4783,-0.1119,-0.45
1427,1,2,1,1,0.4531,0.8158,-0.1739,1.4671,0.15
1428,1,0,0,0,-0.1291,-0.2022,,-0.1125,-0.35
1429,1,0,0,0,-0.1242,-0.1952,-0.5652,-0.1107,-0.45
1430,2,0,0,0,,,,,-0.5
1431,2,0,1,0,-0.0228,1.4042,0.0,-0.0904,-0.2
1432,2,0,0,0,-0.1065,-0.122,1.087,3.3939,-0.15
1433,2,0,0,2,41.3458,,-1.087,33.5381,1.7
1434,2,1,1,0,,,-0.3913,,-0.5
1435,2,0,1,1,-0.0874,0.6617,-0.3043,-0.0904,-0.35
1436,2,1,0,0,-0.1266,-0.2071,0.6522,-0.1119,-0.5
1437,2,0,1,0,,-0.1743,-0.5652,,-0.1
1438,2,2,0,0,,-0.007,-1.0435,,-0.5
1439,2,0,0,2,2.0551,1.2578,1.3478,2.1116,1.25
1440,2,0,0,2,13.1835,4.8715,-1.6522,12.5893,1.3
1441,2,3,0,1,0.3879,0.3396,2.087,0.3577,0.85
1442,2,4,1,2,-0.1297,0.6686,,2.603,0.8
1443,2,0,0,2,,7.7943,-1.0,121.0129,1.25
1444,2,2,0,0,,,,,-0.5
1445,2,0,0,1,-0.0947,-0.0146,1.0435,-0.0133,0.45
1446,2,0,0,2,17.6008,9.094,-1.3043,76.3061,0.9
1447,2,0,0,0,-0.1284,-0.1862,,-0.1107,-0.5
1448,2,0,1,0,,,-0.2174,,-0.45
1449,2,3,0,2,7.2445,1.7758,1.4348,34.4936,0.9
1450,2,1,0,2,2.1978,3.2407,0.8261,0.806,1.05
1451,2,0,1,1,0.1809,0.106,0.6957,-0.0389,0.95
1452,2,3,1,1,0.7094,0.9245,0.3478,0.2162,0.4
1453,2,0,1,0,,,,,-0.35
1454,2,0,0,0,-0.0855,-0.0035,,-0.1129,0.55
1455,2,3,1,2,5.9334,3.4394,,10.9508,1.3
1456,2,0,1,1,,,,,-0.35
1457,2,3,0,2,0.7904,1.0152,-1.6087,23.9004,1.0
1458,2,0,0,2,1.9789,2.5128,-1.7391,0.8935,1.2
1459,2,2,0,2,2.4007,2.3029,,0.9737,1.0
1460,2,0,0,1,0.0372,0.4888,-0.1739,1.5678,-0.35
1461,2,0,0,2,1.4829,1.6482,1.8261,0.9995,1.15
1462,2,2,1,2,0.3691,0.0314,1.2609,1.6779,0.05
1463,2,0,1,0,,,-0.5217,-0.1107,-0.5
1464,2,2,1,0,,-0.2071,,,-0.5
1465,2,0,0,2,17.6008,9.094,-1.3043,76.3061,0.9
1466,2,0,0,0,,-0.2085,-0.5652,,-0.5
1467,2,3,0,2,0.8799,0.8743,1.3478,0.0159,0.8
1468,2,2,1,0,-0.13,-0.2043,-0.2609,-0.1049,-0.2
1469,2,2,0,2,16.5857,19.2275,1.3913,40.32,1.7
1470,2,0,0,1,1.8962,6.8545,-1.5217,0.1351,1.3
1471,2,1,0,2,0.068,0.235,0.9565,1.9537,0.8
1472,2,0,0,2,1.9789,2.5128,-1.7391,0.8935,1.2
1473,2,0,0,0,-0.1264,-0.1464,-0.1304,-0.1119,-0.2
1474,2,0,0,2,-0.0271,-0.1394,0.6087,-0.0968,-0.5
1475,2,3,0,0,,-0.0349,,,-0.5
1476,2,0,1,0,-0.1278,-0.1966,-0.2609,-0.0666,-0.2
1477,2,0,0,0,-0.1272,-0.115,,-0.1128,-0.35
1478,2,3,1,0,-0.1295,-0.1952,-1.3913,-0.1096,-0.5
1479,2,0,1,0,-0.1284,-0.1938,0.087,-0.1125,-0.2
1480,2,3,1,1,1.5782,0.7955,2.0,0.0128,0.85
1481,2,0,0,0,,,,,-0.5
1482,2,0,0,2,17.6008,9.094,-1.3043,76.3061,0.9
1483,2,1,1,2,0.0405,0.0809,0.9565,0.1449,0.3
1484,2,0,1,0,,-0.205,,,-0.5
1485,2,0,1,1,0.1023,0.1004,0.087,-0.1017,0.35
1486,2,1,1,1,0.1747,-0.1032,1.1304,1.1483,-0.35
1487,2,0,1,1,21.3606,12.3409,,,0.4
1488,2,0,0,2,17.6008,9.094,-1.3043,76.3061,1.15
1489,2,3,1,1,2.647,1.9474,0.8696,14.9583,0.2
1490,2,3,1,0,,,,,0.2
1491,2,0,1,2,-0.1098,-0.0509,0.4783,-0.0165,0.05
1492,2,3,0,2,4.0039,1.7528,1.3478,3.8604,0.4
1493,2,0,1,1,-0.0994,-0.1241,0.913,0.0285,-0.2
1494,2,0,0,2,17.6008,9.094,-1.3043,76.3061,1.15
1495,2,0,0,1,0.2738,0.2378,1.913,0.2014,0.15
1496,2,0,0,2,-0.0271,-0.1394,0.6087,-0.0968,-0.5
1497,2,3,1,0,,,,,0.2
1498,2,4,1,1,1.3593,5.9418,-0.087,0.1448,1.05
1499,2,0,0,0,0.0542,1.8825,0.4783,0.4181,0.4
1500,2,3,1,0,,-0.1255,0.4348,-0.1062,0.05
1501,2,0,1,2,-0.1133,-0.1304,,1.6689,1.55
1502,2,2,1,0,,-0.2071,-0.3478,,-0.5
1503,2,1,1,0,-0.1265,-0.2043,0.4348,-0.1096,-0.5
1504,2,2,1,0,-0.1285,-0.2015,,-0.1107,-0.5
1505,2,3,1,1,-0.117,-0.1785,,6.0131,1.05
1506,2,0,1,0,-0.1018,-0.0132,0.1739,0.0,0.0
1507,2,5,1,2,41.3458,,-1.087,33.5381,1.7
1508,2,0,1,1,0.1809,0.106,0.6957,-0.0389,0.95
1509,2,0,1,2,1.0142,0.5759,1.1739,0.3879,0.1
1510,2,0,0,0,-0.1272,-0.115,,-0.1128,-0.35
1511,2,0,1,0,,,-0.5652,,-0.5
1512,2,0,1,0,-0.13,,,-0.1105,0.05
1513,2,3,0,2,,,0.3478,,-0.25
1514,2,3,0,2,0.8799,0.8743,1.3478,0.0159,0.8
1515,2,0,1,1,0.0373,3.7107,-0.6087,0.0,-0.35
1516,2,0,0,0,0.0542,1.8825,0.4783,0.4181,0.4
1517,2,0,1,1,0.052,0.1987,1.3043,0.8891,1.2
1518,2,0,0,2,41.3458,,-1.087,33.5381,1.7
1519,2,0,1,0,-0.07,0.0,0.2609,-0.104,-0.05
1520,2,0,1,0,,-0.1394,-0.8696,,-0.5
1521,2,2,0,2,3.0558,1.2955,1.2174,2.4096,0.6
1522,2,0,1,2,0.0895,0.2008,1.0435,0.0,0.35
1523,2,0,0,2,1.1922,0.6017,-1.7391,24.6732,0.95
1524,2,0,0,0,-0.13,0.0397,-0.0435,-0.1127,0.7
1525,2,0,0,2,3.6911,,1.3913,7.2505,0.4
1526,2,0,1,0,0.1608,0.2601,1.4783,-0.1093,0.45
1527,2,0,0,1,1.8962,6.8545,-1.5217,0.1351,1.3
1528,2,3,1,0,-0.1298,-0.2008,0.1739,-0.1052,-0.2
1529,2,0,0,2,2.8232,2.9284,1.1739,1.8891,1.0
1530,2,0,1,1,-0.0947,-0.0146,1.0435,-0.0133,0.45
1531,2,1,0,0,,,,,-0.5
1532,2,3,1,0,,,,,0.2
1533,2,0,1,1,1.3869,0.5899,1.5217,2.501,1.45
1534,2,2,1,1,-0.0761,-0.0383,0.8696,-0.0994,0.5
1535,2,0,0,2,17.6008,9.094,-1.3043,76.3061,1.15
1536,2,0,1,1,2.647,1.9474,0.8696,14.9583,0.2
1537,2,0,0,2,21.5506,4.4623,,2.147,0.65
1538,2,0,1,0,,-0.2057,,,-0.35
1539,2,3,0,2,,20.7077,,,0.3
1540,2,0,1,0,,-0.2057,-0.3043,,-0.5
1541,2,0,0,2,17.6008,9.094,-1.3043,76.3061,0.9
1542,2,1,1,2,7.2445,1.7758,1.4348,34.4936,0.9
1543,2,3,1,1,-0.117,-0.1785,,6.0131,1.05
1544,2,0,0,2,0.0002,1.6385,0.6522,98.4116,0.3
1545,2,0,0,1,0.9762,0.4434,0.9565,1.1949,0.75
1546,2,1,0,2,0.2937,1.8881,0.4783,0.2448,1.05
1547,2,0,1,1,0.1023,0.1004,0.087,-0.1017,0.1
1548,2,1,1,1,0.3805,0.9817,1.087,0.8605,0.55
1549,2,0,0,0,95.8569,10.7799,0.8261,,0.95
1550,2,0,1,1,,,,,-0.35
1551,2,0,1,1,0.1816,0.4462,1.0,0.3109,0.3
1552,2,0,0,0,-0.1156,0.023,-0.2174,-0.0972,-0.5
1553,2,0,1,0,,,,,-0.35
1554,2,0,0,0,-0.1131,-0.0265,-0.1304,-0.1107,0.2
1555,2,1,0,0,,-0.2043,,,-0.5
1556,2,0,1,1,-0.0098,0.4393,0.1304,-0.0716,-0.35
1557,2,1,0,2,1.5751,0.9566,,0.5696,0.85
1558,2,3,1,1,0.3045,0.2224,0.6087,0.7369,0.4
1559,2,0,1,1,-0.0285,0.235,-0.2609,0.05,0.1
1560,2,0,1,1,0.3321,0.866,1.6522,0.0324,1.0
1561,2,3,0,2,4.0039,1.7528,1.3478,3.8604,0.4
1562,2,0,1,0,,,,,-0.5
1563,2,0,0,2,2.626,1.9125,0.8261,1.017,0.55
1564,2,0,1,0,-0.1294,-0.2022,,-0.0964,-0.15
1565,2,0,1,1,0.1816,0.4462,1.0,0.3109,0.3
1566,2,3,1,0,-0.0418,-0.1708,-0.0435,0.0113,0.05
1567,2,3,1,0,-0.1065,-0.122,1.087,3.3939,-0.15
1568,2,2,1,0,-0.1285,-0.2015,,-0.1107,-0.5
1569,2,1,0,1,0.2953,0.1778,,-0.1058,0.4
1570,2,3,1,0,,-0.1255,0.4348,-0.1062,0.05
1571,2,0,0,2,0.3136,1.4802,0.2174,0.6934,0.65
1572,2,1,1,0,-0.1266,-0.2071,0.6522,-0.1119,-0.5
1573,2,0,0,2,18.978,3.3516,0.1304,0.4853,1.2
1574,2,1,1,1,0.1052,0.4281,0.8696,0.0706,0.95
1575,2,3,1,2,,,,,-0.5
1576,2,0,1,2,1.9446,3.1808,2.2609,0.1969,1.65
1577,2,0,0,2,-0.1139,0.0516,0.8696,0.1132,-0.35
1578,2,0,0,2,2.1978,3.3083,0.8261,0.806,1.05
1579,2,3,1,1,0.0624,0.2482,0.6087,0.1062,0.65
1580,2,0,0,0,,-0.1841,-0.6087,,-0.5
1581,2,3,1,1,-0.072,-0.1743,0.7826,0.2317,0.3
1582,2,0,0,0,-0.1299,-0.1513,,-0.1119,-0.05
1583,2,2,1,0,,-0.1952,,-0.1107,-0.5
1584,2,2,1,1,0.3336,0.212,0.8696,0.9452,0.45
1585,2,0,0,0,-0.1298,-0.2085,,-0.1117,0.25
1586,2,0,1,2,0.312,-0.0272,,5.8862,1.0
1587,2,1,1,0,,-0.2015,-0.3043,,-0.5
1588,2,2,1,0,-0.1264,-0.2022,-0.087,-0.0942,-0.5
1589,2,3,1,1,0.7094,0.9245,0.3478,0.2162,0.4
1590,2,0,1,1,0.0301,0.4644,,,-0.2
1591,2,2,0,0,,-0.1883,,,-0.5
1592,2,0,1,2,-0.1098,-0.0509,0.4783,-0.0165,0.05
1593,2,0,0,2,,0.7649,0.1739,41.1427,0.3
1594,2,0,0,1,0.4241,1.6106,0.8696,53.1723,1.1
1595,2,0,0,2,0.1979,0.4441,0.8696,0.3346,0.85
1596,2,0,0,0,,-0.2022,,,-0.5
1597,2,0,0,0,-0.1131,-0.0265,-0.1304,-0.1107,0.2
1598,2,0,0,0,0.0777,3.712,-0.0435,-0.07,0.7
1599,2,2,1,0,,-0.1987,0.6522,,-0.35
1600,2,3,0,0,0.1608,0.2601,1.4783,-0.1093,0.45
1601,2,2,1,0,-0.1189,-0.1611,0.3913,-0.0734,0.3
1602,2,0,1,1,0.1816,0.4462,1.0,0.3109,0.3
1603,2,2,1,2,2.4007,2.3029,,0.9737,1.0
1604,2,0,1,1,0.145,0.304,0.8261,0.0169,0.3
1605,2,0,0,2,17.6008,9.094,-1.3043,76.3061,0.9
1606,2,1,1,0,,-0.2085,,,-0.5
1607,2,0,1,0,-0.1268,-0.1764,-0.3478,-0.1062,-0.2
1608,2,3,1,1,-0.0811,-0.0516,0.4783,0.0217,0.05
1609,2,0,1,0,-0.1295,-0.2043,0.7391,-0.1112,0.05
1610,2,1,1,2,0.0405,0.0809,0.9565,0.1449,0.3
1611,2,2,1,0,-0.128,-0.1813,-0.0435,-0.1119,-0.2
1612,2,0,0,0,-0.1291,-0.2057,-1.2174,-0.0904,-0.5
1613,2,0,0,0,,,,,-0.5
1614,2,2,0,0,,,,,-0.5
1615,2,0,0,0,,-0.2078,,,-0.5
1616,2,0,1,0,-0.0605,1.041,-0.3043,-0.0972,-0.5
1617,2,0,1,0,,,,,-0.5
1618,2,0,1,2,2.4222,4.3856,1.8696,1.2868,1.05
1619,2,0,0,0,0.0777,3.712,-0.0435,-0.07,0.7
1620,2,0,1,0,-0.13,-0.2043,-0.2609,-0.1049,-0.2
1621,2,2,1,2,0.767,1.2334,0.087,4.9167,0.95
1622,2,1,1,2,0.6704,1.3157,,-0.0586,0.8
1623,2,0,0,0,,,-0.2609,,-0.5
1624,2,0,0,2,17.6008,9.094,-1.3043,76.3061,1.15
1625,2,0,1,0,-0.1301,-0.2092,,-0.1107,-0.1
1626,2,0,0,0,,-0.113,,-0.1107,-0.5
1627,2,5,1,2,2.4007,2.3029,,0.9737,1.0
1628,2,0,0,2,17.6008,9.094,-1.3043,76.3061,1.15
1629,2,0,0,1,4.5712,,1.3913,6.4333,1.35
1630,2,0,1,1,-0.0994,-0.1241,0.913,0.0285,-0.2
1631,2,0,0,2,17.6008,9.094,-1.3043,76.3061,1.15
1632,2,0,1,2,0.4055,0.7195,0.1304,0.0678,-0.1
1633,2,1,1,1,0.1944,2.3664,,-0.0995,0.55
1634,2,0,1,1,0.1917,0.1164,,0.1018,0.95
1635,2,0,0,0,,,-0.2174,,-0.2
1636,2,0,1,1,0.0637,0.7042,,0.0041,0.45
1637,2,1,1,0,-0.1285,-0.1046,-0.5217,-0.1085,-0.5
1638,2,1,1,1,0.5442,0.1353,0.3478,-0.0678,0.5
1639,2,0,0,2,1.9789,2.5128,-1.7391,0.8935,1.2
1640,2,0,0,0,0.0542,1.8825,0.4783,0.4181,0.4
1641,2,0,0,0,-0.1276,-0.1987,,-0.1119,-0.05
1642,2,0,0,1,1.8962,6.8545,-1.5217,0.1351,1.3
1643,2,0,0,2,3.1605,2.3699,1.2174,0.6102,1.6
1644,2,1,0,1,0.5721,0.7649,0.1739,0.0004,1.05
1645,2,0,1,0,-0.13,,,-0.1105,0.05
1646,2,0,0,2,7.1236,2.5282,0.5217,9.1414,0.65
1647,2,2,1,1,-0.072,-0.1743,0.7826,0.2317,0.3
1648,2,3,1,2,32.7517,8.2852,1.4348,10.9857,1.75
1649,2,0,0,0,-0.1218,0.0558,,-0.1017,-0.25
1650,2,3,0,0,,,,,-0.5
1651,2,2,0,1,1.0561,0.29,1.6957,0.2361,1.4
1652,2,3,0,0,-0.13,-0.2078,,-0.1107,-0.45
1653,2,1,1,1,0.1944,2.3664,,-0.0995,0.55
1654,2,0,0,0,,-0.205,-0.5217,,-0.35
1655,2,0,0,1,1.8962,6.8545,-1.5217,0.1351,1.3
1656,2,1,1,1,0.2923,0.6672,0.913,0.1377,0.85
1657,2,0,1,1,0.1816,0.4462,1.0,0.3109,0.3
1658,2,3,1,2,0.6477,1.9055,-0.4348,0.4294,0.9
1659,2,0,0,0,-0.0445,-0.0969,-0.3043,-0.113,-0.35
1660,2,3,0,1,-0.0277,2.0917,0.2609,-0.1062,0.3
1661,2,0,1,2,0.4406,0.8346,1.1739,0.0538,1.15
1662,2,0,0,2,,0.1394,,,-0.25
1663,2,2,1,0,,-0.2071,-0.3478,,-0.5
1664,2,0,0,0,-0.1297,-0.205,-0.5652,-0.1085,-0.35
1665,2,1,0,2,22.7143,,-0.2609,605.9868,0.65
1666,2,0,1,2,2.4222,4.3856,1.8696,1.2868,1.05
1667,2,2,0,2,1.4742,1.0458,2.1739,0.0708,1.55
1668,2,0,1,0,-0.1297,-0.2057,0.1739,-0.1128,-0.5
1669,2,0,1,1,0.1911,-0.1645,0.0435,-0.0904,0.15
1670,2,4,1,2,-0.1297,0.6686,,2.603,0.8
1671,2,0,0,1,0.1809,0.106,0.6957,-0.0389,0.95
1672,2,0,0,2,3.6911,,1.3913,7.2505,0.4
1673,2,0,1,2,0.6135,0.5815,1.3478,-0.1089,1.3
1674,2,5,1,2,41.3458,,-1.087,33.5381,1.7
1675,2,0,0,0,-0.1078,0.1227,,-0.0992,-0.15
1676,2,0,0,0,,,,,-0.5
1677,2,3,1,2,0.0405,0.0809,0.9565,0.1449,0.3
1678,2,0,1,0,-0.1194,,0.0,-0.105,0.1
1679,2,3,0,0,,-0.1799,0.6087,,-0.5
1680,2,0,1,2,-0.0271,-0.1394,0.6087,-0.0968,-0.5
1681,2,4,1,2,24.2279,24.4393,1.3913,20.3211,0.9
1682,2,2,0,0,-0.1298,-0.1743,-0.3043,-0.1017,0.0
1683,2,3,1,0,-0.1286,-0.1883,0.1304,-0.1105,0.3
1684,2,0,0,0,,,,,-0.5
1685,2,2,1,1,0.4531,0.8158,-0.1739,1.4671,0.15
1686,2,1,1,0,-0.1285,-0.1046,-0.5217,-0.1085,-0.5
1687,2,0,0,1,1.8962,6.8545,-1.5217,0.1351,1.3
1688,2,3,1,1,1.0639,0.3786,1.4783,2.4838,1.0
1689,2,0,0,2,17.6008,9.094,-1.3043,76.3061,0.9
1690,2,0,0,2,1.0142,0.5759,1.1739,0.3879,0.1
1691,2,0,0,1,0.9762,0.4434,0.9565,1.1949,0.75
1692,2,1,0,2,22.7143,,-0.2609,605.9868,0.65
1693,2,0,0,0,0.0777,3.712,-0.0435,-0.07,0.7
1694,2,0,1,2,0.4406,0.8346,1.1739,0.0538,1.15
1695,2,0,1,1,-0.0994,-0.1241,0.913,0.0285,-0.2
1696,2,0,1,0,,-0.2071,0.3043,,-0.4
1697,2,0,0,2,2.626,1.9125,0.8261,1.017,0.55
1698,2,0,1,0,-0.1247,-0.1046,-0.3913,-0.1107,-0.25
1699,2,0,1,0,-0.1301,-0.2092,,-0.1107,-0.1
1700,2,0,1,2,-0.1133,-0.1304,,1.6689,1.55
1701,2,1,0,2,18.3808,0.654,1.4348,4.407,0.8
1702,2,0,1,1,0.3321,0.866,1.6522,0.0324,1.0
1703,2,0,0,0,-0.1199,,,-0.113,0.05
1704,2,3,1,1,2.647,1.9474,0.8696,14.9583,0.2
1705,2,3,1,1,2.647,1.9474,0.8696,14.9583,0.2
1706,2,0,1,2,-0.0271,-0.1394,0.6087,-0.0968,-0.5
1707,2,0,1,1,-0.0094,0.1632,1.1739,-0.0627,0.55
1708,2,0,0,2,13.1835,4.8715,-1.6522,12.5893,1.3
1709,2,2,1,1,0.1809,0.106,0.6957,-0.0389,0.95
1710,2,0,0,2,-0.093,-0.1157,0.2609,0.0226,-0.2
1711,2,0,0,1,-0.0285,0.235,-0.2609,0.05,0.1
1712,2,0,0,1,-0.0513,-0.0488,0.5217,-0.113,0.2
1713,2,0,1,0,-0.1281,-0.2071,,-0.1017,-0.5
1714,2,3,1,1,-0.117,-0.1785,,6.0131,1.05
1715,2,0,1,1,0.145,0.304,0.8261,0.0169,0.3
1716,2,0,0,2,11.0401,7.392,1.3043,58.0584,1.2
1717,2,0,0,0,,-0.2064,,,-0.35
1718,2,0,0,2,1.9789,2.5128,-1.7391,0.8935,1.2
1719,2,0,0,2,17.6008,9.094,-1.3043,76.3061,0.9
1720,2,0,0,2,18.978,3.3516,0.1304,0.4853,1.2
1721,2,3,1,2,0.8748,0.0983,0.7826,0.1557,1.8
1722,2,0,1,0,,,-0.5652,,-0.5
1723,2,2,0,0,-0.1235,,0.087,-0.1062,-0.2
1724,2,3,0,0,0.3201,,-0.3478,7.5294,-0.25
1725,2,0,0,0,-0.1295,-0.2029,-0.0435,-0.1096,-0.35
1726,2,3,0,1,1.8962,6.8545,-1.5217,0.1351,1.3
1727,2,0,0,0,-0.13,0.0397,-0.0435,-0.1127,0.7
1728,2,1,1,0,,,-0.2174,,-0.3
1729,2,2,0,1,0.9427,0.1771,1.0,0.1582,0.35
1730,2,0,0,2,,7.7943,-1.0,121.0129,1.25
1731,2,3,1,1,-0.117,-0.1785,,6.0131,1.05
1732,2,0,1,1,-0.1285,,-0.2609,-0.1128,-0.5
1733,2,3,0,2,0.7904,1.0152,-1.6087,23.9004,1.0
1734,2,2,0,1,-0.0277,3.277,0.2609,-0.1062,0.3
1735,2,2,0,1,,3.1605,-0.913,,-0.5
1736,2,0,1,0,,,,,-0.35
1737,2,0,0,0,-0.122,-0.0139,-0.2609,-0.1062,-0.35
1738,2,0,0,2,1.1794,0.3416,0.8696,0.3511,0.75
1739,2,3,0,2,0.8799,0.8743,1.3478,0.0159,0.8
1740,2,0,0,0,-0.1151,-0.1973,-0.087,-0.1062,-0.35
1741,2,0,0,0,,,,,-0.5
1742,2,3,1,2,13.1835,4.8715,-1.6522,12.5893,1.3
1743,2,0,1,0,,,,,0.05
1744,2,1,0,1,0.0223,0.076,0.9565,0.2486,0.6
1745,2,0,1,2,3.1605,2.3699,1.2174,0.6102,1.6
1746,2,0,0,2,1.9789,2.5128,-1.7391,0.8935,1.2
1747,2,0,1,1,0.3321,0.866,1.6522,0.0324,1.0
1748,2,3,1,0,0.1608,0.2601,1.4783,-0.1093,0.45
1749,2,0,1,0,-0.1094,-0.0335,0.3043,-0.0904,0.05
1750,2,0,0,2,1.9789,2.5128,-1.7391,0.8935,1.2
1751,2,1,1,0,,0.0139,-1.0435,,-0.45
1752,2,0,0,0,,-0.2092,,,-0.3
1753,2,0,0,0,-0.084,0.3298,0.1304,-0.1096,0.95
1754,2,0,1,1,0.145,0.304,0.8261,0.0169,0.3
1755,2,0,1,0,,-0.1304,-0.3043,,-0.4
1756,2,3,1,1,0.0619,-0.0655,0.3043,0.5649,0.35
1757,2,0,0,0,,,,,-0.5
1758,2,0,1,2,0.0002,1.6385,0.6522,98.4116,0.3
1759,2,1,1,1,0.1944,2.3664,,-0.0995,0.55
1760,2,0,1,0,-0.1275,-0.1255,-0.6957,-0.1085,-0.5
1761,2,0,1,2,-0.1133,-0.1304,,1.6689,1.55
1762,2,0,0,0,-0.0855,-0.0035,,-0.1129,0.55
1763,2,1,1,2,,-0.0934,1.0435,,-0.3
1764,2,2,1,1,,0.5508,,,-0.25
1765,2,0,1,0,,,,,-0.35
1766,2,2,1,0,-0.1273,-0.2029,0.3913,-0.1096,0.35
1767,2,1,0,1,-0.0624,0.2078,,0.0199,-0.25
1768,2,0,1,1,0.145,0.304,0.8261,0.0169,0.3
1769,2,0,0,2,13.57,12.0042,1.087,45.5816,0.55
1770,2,1,1,0,-0.1282,-0.2022,-0.1304,-0.1096,-0.3
1771,2,3,0,1,-0.0121,,,0.565,-0.35
1772,2,0,1,1,0.0637,0.7042,,0.0041,0.45
1773,2,2,1,0,-0.1278,-0.1966,-0.2609,-0.0666,-0.2
1774,2,0,0,0,,1.1853,1.3913,13.5213,-0.05
1775,2,2,1,2,0.4406,0.8346,1.1739,0.0538,1.15
1776,2,0,0,2,11.0401,7.392,1.3043,58.0584,1.2
1777,2,0,1,0,-0.1295,-0.1931,-0.4348,-0.1107,-0.2
1778,2,0,0,2,1.9789,2.5128,-1.7391,0.8935,1.2
1779,2,5,1,2,41.3458,,-1.087,33.5381,1.7
1780,2,0,0,0,,,,,-0.5
1781,2,0,0,0,,-0.1883,-0.6957,,-0.5
1782,2,3,1,1,-0.117,-0.1785,,6.0131,1.05
1783,2,0,1,0,,,,,-0.35
1784,2,0,1,0,-0.016,-0.1722,0.8696,1.0844,0.05
1785,2,1,1,0,,-0.2029,,,-0.45
1786,2,0,1,0,,,,,-0.35
1787,2,0,0,2,0.7904,1.0152,-1.6087,23.9004,1.0
1788,2,0,0,1,0.4973,0.9991,1.2609,-0.0904,0.6
1789,2,0,0,2,1.9789,2.5128,-1.7391,0.8935,1.2
1790,2,0,0,0,,-0.2064,,,-0.35
1791,2,0,1,1,0.145,0.304,0.8261,0.0169,0.3
1792,2,0,0,2,17.6008,9.094,-1.3043,76.3061,0.9
1793,2,3,1,2,15.371,13.6127,-1.7826,35.2445,1.45
1794,2,0,0,1,,,-0.1739,,-0.5
1795,2,3,1,0,-0.1065,-0.122,1.087,3.3939,-0.15
1796,2,1,1,0,,,,,-0.5
1797,2,0,0,1,1.1741,1.193,1.3913,0.339,0.85
1798,2,3,1,1,2.647,1.9474,0.8696,14.9583,0.2
1799,2,0,1,1,1.8962,6.8545,-1.5217,0.1351,1.3
1800,2,0,0,0,-0.1254,-0.1869,0.0435,-0.1062,-0.05
1801,2,1,1,0,,-0.1987,,-0.1107,-0.5
1802,2,2,0,2,2.4007,2.3029,,0.9737,1.0
1803,2,2,0,2,0.4613,2.5386,,1.077,0.55
1804,2,3,1,2,0.6477,1.9055,-0.4348,0.4294,0.9
1805,2,0,1,0,-0.1177,-0.1924,-0.2609,-0.1119,-0.35
1806,2,1,1,0,-0.1272,-0.1708,,-0.1085,-0.2
1807,2,0,0,0,-0.13,0.0397,-0.0435,-0.1127,0.7
1808,2,3,1,2,3.6911,0.4581,,7.2505,0.4
1809,2,0,1,1,-0.0513,-0.0488,0.5217,-0.113,0.2
1810,2,0,0,1,0.2519,0.5515,0.4783,0.1218,0.0
1811,2,3,0,1,0.7896,0.3612,0.2609,0.9375,1.95
1812,2,3,0,2,21.9529,1.2376,1.2609,27.5812,0.9
1813,2,0,1,1,0.3321,0.866,1.6522,0.0324,1.0
1814,2,3,1,2,2.4047,2.0366,,3.277,1.1
1815,2,0,0,1,1.8962,6.8545,-1.5217,0.1351,1.3
1816,2,0,0,0,-0.1284,-0.2057,-0.0435,-0.106,-0.35
1817,2,2,1,1,0.2491,0.3549,1.1304,0.1267,1.45
1818,2,0,1,1,0.0637,0.7042,,0.0041,0.45
1819,2,2,1,1,2.5043,4.9238,,6.4468,0.6
1820,2,0,1,1,0.1023,0.1004,0.087,-0.1017,0.35
1821,2,0,0,2,3.6911,,1.3913,7.2505,0.4
1822,2,0,0,1,-0.0285,0.235,-0.2609,0.05,0.1
1823,2,2,0,2,-0.0904,0.5041,-0.5217,-0.0904,0.05
1824,2,1,0,2,1.5751,0.9566,,0.5696,0.85
1825,2,3,1,0,-0.1217,-0.175,0.3478,-0.1107,-0.05
1826,2,0,0,2,0.0372,0.4888,-0.1739,1.5678,-0.35
1827,2,0,1,0,9.9106,2.5797,0.3043,,-0.2
1828,2,2,1,0,,-0.1806,0.087,,-0.2
1829,2,3,1,2,41.3458,,-1.087,33.5381,1.7
1830,2,0,0,0,-0.13,0.0397,-0.0435,-0.1127,0.7
1831,2,1,1,1,0.5442,0.1353,0.3478,-0.0678,0.5
1832,2,0,0,2,0.1979,0.4441,0.8696,0.3346,0.85
1833,2,5,1,2,41.3458,,-1.087,33.5381,1.7
1834,2,3,1,2,5.9334,3.4394,,10.9508,1.3
1835,2,0,0,2,17.6008,9.094,-1.3043,76.3061,0.9
1836,2,0,0,0,,,,,-0.5
1837,2,0,1,0,-0.1301,-0.2092,,-0.1107,-0.1
1838,2,0,0,2,7.2445,1.7758,1.4348,34.4936,0.9
1839,2,0,1,0,,-0.1959,-0.5217,,-0.5
1840,2,3,0,0,,,,,-0.5
1841,2,0,1,1,1.3593,5.9418,-0.087,0.1448,1.05
1842,2,0,0,2,17.6008,9.094,-1.3043,76.3061,1.15
1843,2,0,1,0,,,-0.5652,,-0.5
1844,2,3,1,0,-0.1247,-0.1625,,-0.1107,-0.05
1845,2,0,0,1,1.8962,6.8545,-1.5217,0.1351,1.3
1846,2,0,0,2,17.6008,9.094,-1.3043,76.3061,1.15
1847,2,0,0,2,,0.7649,0.1739,41.1427,0.3
1848,2,1,1,2,7.2445,1.7758,1.4348,34.4936,0.9
1849,2,0,1,0,-0.1218,,,-0.1017,-0.25
1850,2,2,0,2,2.4007,2.3029,,0.9737,1.0
1851,2,0,1,0,-0.1286,-0.2029,0.0435,-0.1107,-0.2
1852,2,0,0,2,3.6911,,1.3913,7.2505,0.4
1853,2,0,0,1,-0.0513,-0.0488,0.5217,-0.113,0.2
1854,2,0,1,0,,-0.2057,,,-0.35
1855,2,2,0,0,,-0.2057,,,-0.5
1856,2,3,1,1,-0.117,-0.1785,,6.0131,1.05
1857,2,0,1,1,0.0747,0.106,1.1739,1.9995,0.05
1858,2,0,0,0,,,,,-0.5
1859,2,0,0,2,17.6008,9.094,-1.3043,76.3061,0.9
1860,2,1,1,0,,-0.2071,,,-0.5
1861,2,3,1,1,2.647,1.9474,0.8696,14.9583,0.2
1862,2,3,1,1,-0.117,-0.1785,,6.0131,1.05
1863,2,0,1,1,0.1816,0.4462,1.0,0.3109,0.3
1864,2,1,0,2,3.0558,1.2955,1.2174,2.4096,0.6
1865,2,0,1,0,,-0.2057,,,-0.35
1866,2,0,1,0,-0.1295,-0.2057,,-0.1075,-0.5
1867,2,3,0,1,0.0223,0.076,0.9565,0.2486,0.6
1868,2,0,1,0,,-0.2029,-1.1739,-0.1085,-0.35
1869,2,0,0,2,17.6008,9.094,-1.3043,76.3061,1.15
1870,2,1,1,0,-0.1254,-0.1869,0.0435,-0.1062,-0.05
1871,2,0,1,2,17.6008,9.094,-1.3043,76.3061,0.9
1872,2,0,1,1,0.1816,0.4462,1.0,0.3109,0.3
1873,2,3,0,0,,,,,-0.5
1874,2,0,0,1,4.5712,,1.3913,6.4333,1.35
1875,2,2,1,0,0.0366,0.7112,,3.3475,-0.5
1876,2,0,0,0,,,,,-0.5
1877,2,3,1,2,3.0558,1.2955,1.2174,2.4096,0.6
1878,2,0,0,2,2.1978,3.2407,0.8261,0.806,1.05
1879,2,5,1,2,41.3458,,-1.087,33.5381,1.7
1880,2,0,0,1,-0.0947,-0.0146,1.0435,-0.0133,0.45
1881,2,3,1,1,2.647,1.9474,0.8696,14.9583,0.2
1882,2,0,1,0,,,,,-0.5
1883,2,0,0,1,0.4973,0.9991,1.2609,-0.0904,0.6
1884,2,0,1,0,,-0.1952,-0.4348,-0.1017,-0.2
1885,2,0,0,2,17.6008,9.094,-1.3043,76.3061,0.9
1886,2,0,0,0,-0.13,0.0397,-0.0435,-0.1127,0.7
1887,2,0,0,2,17.6008,9.094,-1.3043,76.3061,1.15
1888,2,0,0,2,1.9789,2.5128,-1.7391,0.8935,1.2
1889,2,0,0,0,-0.1263,-0.113,,-0.1107,-0.5
1890,2,3,0,1,0.8421,0.2984,0.8261,1.0863,0.55
1891,2,3,1,1,0.0107,0.1645,-0.2609,-0.0181,0.75
1892,2,0,1,0,-0.1281,-0.2071,,-0.1017,-0.5
1893,2,0,1,0,,-0.2022,,,-0.5
1894,2,0,1,2,-0.0029,0.1088,0.9565,1.3755,1.1
1895,2,1,0,0,,-0.1994,,,-0.5
1896,2,0,0,2,3.1605,2.3699,1.2174,0.6102,1.6
1897,2,0,1,2,,,,,-0.5
1898,2,0,0,1,-0.0095,0.7272,-0.4783,0.0927,0.05
1899,2,3,0,2,4.0039,1.7528,1.3478,3.8604,0.4
1900,2,0,1,2,5.3814,5.3931,1.4348,8.2955,1.9
1901,2,3,0,2,13.1835,4.8715,-1.6522,12.5893,1.3
1902,2,1,1,1,1.3717,0.8855,1.5652,,0.6
1903,2,3,1,1,0.0624,0.2482,0.6087,0.1062,0.65
1904,2,3,1,0,,,,,0.2
1905,2,3,1,0,-0.1247,-0.1625,,-0.1107,-0.05
1906,2,0,0,0,,,,,-0.5
1907,2,3,1,1,0.7896,0.3612,0.2609,0.9375,1.95
1908,2,2,0,0,-0.0731,0.1436,0.3913,0.5056,-0.25
1909,2,0,0,0,0.0542,1.8825,0.4783,0.4181,0.4
1910,2,0,0,0,,,-0.2174,,-0.2
1911,2,0,1,2,11.5088,8.9754,1.2174,76.1762,1.15
1912,2,0,1,1,21.3606,12.3409,,,0.4
1913,2,0,1,0,-0.1287,-0.2043,,-0.1085,-0.35
1914,2,1,0,2,22.7143,,-0.2609,605.9868,0.65
1915,2,0,1,2,0.6135,0.5815,1.3478,-0.1089,1.3
1916,2,0,0,1,0.1809,0.106,0.6957,-0.0389,0.95
1917,2,0,0,1,2.647,2.7471,0.8696,14.9583,0.45
1918,2,0,0,0,,,,,-0.5
1919,2,0,1,1,-0.0053,-0.0509,0.6957,0.0385,-0.2
1920,2,0,1,0,-0.1301,-0.2092,,-0.1107,-0.1
1921,2,3,0,1,0.1917,0.1164,,0.1018,0.95
1922,2,3,1,1,0.3321,0.866,1.6522,0.0324,1.0
1923,2,0,0,2,-0.0271,-0.1394,0.6087,-0.0968,-0.5
1924,2,1,0,1,0.0624,0.2482,0.6087,0.1062,0.65
1925,2,0,0,2,0.0002,1.6385,0.6522,98.4116,0.3
1926,2,0,1,2,1.9446,3.1808,2.2609,0.1969,1.65
1927,2,0,0,2,17.6008,9.094,-1.3043,76.3061,0.9
1928,2,1,1,0,-0.1247,-0.1046,-0.3913,-0.1107,-0.25
1929,2,0,0,2,1.9155,0.8436,0.6957,1.5761,1.15
1930,2,1,0,1,-0.1197,,-0.4348,0.0144,-0.25
1931,2,1,0,2,22.7143,,-0.2609,605.9868,0.65
1932,2,0,1,1,0.3321,0.866,1.6522,0.0324,1.0
1933,2,0,1,0,-0.1184,-0.1959,0.5217,-0.0734,-0.05
1934,2,2,0,1,0.3021,1.552,0.6957,-0.0993,0.0
1935,2,3,1,0,-0.1217,-0.175,0.3478,-0.1107,-0.05
1936,2,2,1,0,-0.128,-0.1813,-0.0435,-0.1119,-0.2
1937,2,1,1,1,0.5442,0.1353,0.3478,-0.0678,0.5
1938,2,0,1,0,,,,,-0.35
1939,2,3,1,1,0.0301,0.4644,,,-0.2
1940,2,2,0,0,-0.0669,0.1394,,-0.1118,-0.25
1941,2,0,1,2,1.9446,3.1808,2.2609,0.1969,1.65
1942,2,3,1,1,-0.0053,-0.0509,0.6957,0.0385,-0.2
1943,2,1,1,0,0.1024,0.0293,0.3478,3.3023,-0.05
1944,2,0,0,2,3.1605,2.3699,1.2174,0.6102,1.6
1945,2,0,0,2,3.1605,2.3699,1.2174,0.6102,1.6
1946,2,1,1,0,-0.1285,-0.2029,,0.226,-0.3
1947,2,0,0,2,17.6008,9.094,-1.3043,76.3061,0.9
1948,2,0,0,0,95.8569,10.7799,0.8261,,0.95
1949,2,0,1,1,-0.0094,0.1632,1.1739,-0.0627,0.55
1950,2,0,1,1,0.3321,0.866,1.6522,0.0324,1.0
1951,2,1,1,2,7.2445,1.7758,1.4348,34.4936,0.9
1952,2,0,1,0,,-0.2029,-1.1739,-0.1085,-0.35
1953,2,3,0,2,0.8799,0.8743,1.3478,0.0159,0.8
1954,2,0,0,0,,-0.1778,0.6522,,-0.35
1955,2,2,1,1,0.4531,0.8158,-0.1739,1.4671,0.15
1956,2,1,0,2,7.1236,2.5282,0.5217,9.1414,0.65
1957,2,3,1,2,0.0329,0.5062,0.1304,0.4701,1.05
1958,2,0,1,2,2.8232,2.9284,1.1739,1.8891,1.0
1959,2,0,0,2,,0.7649,0.1739,41.1427,0.3
1960,2,0,1,0,,,,,0.05
1961,2,4,0,2,41.3458,,-1.087,33.5381,1.7
1962,2,0,0,2,17.6008,9.094,-1.3043,76.3061,1.15
1963,2,0,0,2,0.2017,0.06,0.1304,-0.0403,0.1
1964,2,0,0,0,,-0.2085,,,-0.5
1965,2,3,1,1,1.3963,1.2104,2.3043,1.6457,2.0
1966,2,0,0,2,0.208,0.0446,0.4348,0.0031,0.45
1967,2,3,1,1,0.0624,0.2482,0.6087,0.1062,0.65
1968,2,5,0,2,41.3458,,-1.087,33.5381,1.7
1969,2,0,0,2,5.0072,0.9461,0.3478,14.5465,1.05
1970,2,0,0,0,-0.1293,,-0.5217,-0.1062,-0.5
1971,2,0,0,2,17.6008,9.094,-1.3043,76.3061,0.9
1972,2,0,1,2,-0.0403,-0.0579,0.6522,0.4837,0.7
1973,2,0,0,0,-0.1131,-0.0265,-0.1304,-0.1107,0.2
1974,2,3,1,0,,-0.2036,,,-0.5
1975,2,3,1,2,0.6477,1.9055,-0.4348,0.4294,0.9
1976,2,4,1,0,,-0.2022,,-0.1085,-0.35
1977,2,3,1,2,0.0405,0.0809,0.9565,0.1449,0.3
1978,2,0,0,1,2.5043,4.9238,,6.4468,0.6
1979,2,3,1,2,0.6477,1.9055,-0.4348,0.4294,0.9
1980,2,0,0,1,1.8962,6.8545,-1.5217,0.1351,1.3
1981,2,1,1,0,,-0.1743,-0.6087,,-0.5
1982,2,3,0,1,0.3879,0.3396,2.087,0.3577,0.85
1983,2,1,0,2,0.068,0.235,0.9565,1.9537,0.8
1984,2,0,1,0,,,,,-0.35
1985,2,2,0,2,41.3458,,-1.087,33.5381,1.7
1986,2,0,0,0,-0.1254,-0.1869,0.0435,-0.1062,-0.05
1987,2,0,0,0,,-0.2078,,,-0.5
1988,2,0,0,2,3.6911,,1.3913,7.2505,0.4
1989,2,0,1,2,0.7763,0.5522,0.9565,1.243,1.05
1990,2,0,0,2,2.0819,1.4028,0.087,0.6464,0.55
1991,2,0,1,0,-0.1247,,-0.087,-0.1119,-0.35
1992,2,0,1,0,,-0.2085,,,-0.5
1993,2,0,1,0,,-0.1883,-0.6957,,-0.5
1994,2,0,0,2,17.6008,9.094,-1.3043,76.3061,1.15
1995,2,0,0,0,,,-0.5652,,-0.5
1996,2,5,1,2,41.3458,,-1.087,33.5381,1.7
1997,2,3,1,2,-0.0271,-0.1394,0.6087,-0.0968,-0.5
1998,2,0,1,1,0.145,0.304,0.8261,0.0169,0.3
1999,2,0,0,2,-0.1013,0.1799,0.2174,-0.0972,0.15
2000,2,2,0,0,-0.1277,,,-0.1119,-0.2
2001,2,1,0,2,1.1794,0.3416,0.8696,0.3511,0.75
2002,2,0,0,2,17.6008,9.094,-1.3043,76.3061,1.15
2003,2,5,1,2,2.4007,2.3029,,0.9737,1.0
2004,2,0,0,0,-0.13,0.0397,-0.0435,-0.1127,0.7
2005,2,4,1,2,18.1031,8.0927,1.4783,14.9663,2.05
2006,2,0,1,0,-0.1283,-0.2001,0.087,-0.1122,-0.2
2007,2,0,0,2,17.6008,9.094,-1.3043,76.3061,1.15
2008,2,0,1,0,,,,,-0.35
2009,2,0,0,1,1.8962,6.8545,-1.5217,0.1351,1.3
2010,2,0,1,0,,,,,0.05
2011,2,0,0,0,-0.13,0.0397,-0.0435,-0.1127,0.7
2012,2,0,0,2,0.8799,0.8743,1.3478,0.0159,0.8
2013,2,0,1,1,0.3321,0.866,1.6522,0.0324,1.0
2014,2,0,0,2,17.6008,9.094,-1.3043,76.3061,0.9
2015,2,2,0,0,-0.0886,0.0181,0.0435,-0.1001,-0.1
2016,2,3,1,1,0.0624,0.2482,0.6087,0.1062,0.65
2017,2,0,1,0,,,,,-0.5
2018,2,0,1,1,1.3593,5.9418,-0.087,0.1448,1.05
2019,2,2,0,2,4.0039,1.7528,1.3478,3.8604,0.4
2020,2,3,1,2,0.8748,0.0983,0.7826,0.1557,1.8
2021,2,0,1,0,-0.1042,-0.1074,0.1739,0.023,0.2
2022,2,0,1,0,-0.1177,-0.1924,-0.2609,-0.1119,-0.35
2023,2,0,0,1,0.5927,0.5648,0.5217,0.1455,0.25
2024,2,0,1,2,0.6135,0.5815,1.3478,-0.1089,1.3
2025,2,1,1,1,1.3717,0.8855,1.5652,,0.6
2026,2,3,1,0,-0.1298,-0.2043,0.1304,-0.1125,0.0
2027,2,3,1,2,10.2384,8.2705,-0.8261,2.5312,-0.25
2028,2,0,0,0,-0.0922,0.0823,0.7391,1.0019,0.7
2029,2,2,0,0,-0.1276,,-0.3043,-0.1125,-0.45
2030,2,1,0,0,-0.1284,-0.1896,-0.087,-0.0878,-0.2
2031,2,3,1,0,,-0.1876,,-0.1103,-0.5
2032,2,0,0,2,0.3793,0.7774,1.2174,0.0814,1.25
2033,2,1,0,2,-0.0163,0.0983,1.1304,0.1582,-0.05
2034,2,0,0,2,-0.1289,-0.113,0.087,0.051,0.05
2035,2,1,0,2,6.703,4.7432,1.4348,2.4648,1.7
2036,2,0,1,0,,,,,-0.35
2037,2,1,1,1,0.1944,2.3664,,-0.0995,0.55
2038,2,0,1,2,-0.0565,0.3005,0.8261,-0.1017,-0.3
2039,2,3,0,2,0.8799,0.8743,1.3478,0.0159,0.8
2040,2,0,0,0,,-0.113,,-0.1107,-0.5
2041,2,3,1,1,1.0639,0.3786,1.4783,2.4838,1.0
2042,2,1,0,2,21.5506,20.7077,,2.147,0.65
2043,2,0,0,0,0.0542,1.8825,0.4783,0.4181,0.4
2044,2,2,0,0,,,,,-0.25
2045,2,0,0,2,-0.0862,0.0634,1.1304,-0.1017,0.2
2046,2,0,0,0,,-0.2029,,,-0.4
2047,2,0,1,1,0.145,0.304,0.8261,0.0169,0.3
2048,2,0,1,1,0.3879,0.3396,2.087,0.3577,0.85
2049,2,0,1,1,0.145,0.304,0.8261,0.0169,0.3
2050,2,3,0,1,1.8962,6.8545,-1.5217,0.1351,1.3
2051,2,0,0,0,,-0.113,-0.2174,-0.1128,-0.35
2052,2,0,1,0,,,,,-0.35
2053,2,1,1,1,0.1944,2.3664,,-0.0995,0.55
2054,2,0,0,0,-0.029,-0.0453,0.5652,0.1808,-0.2
2055,2,0,0,2,2.626,1.9125,0.8261,1.017,0.55
2056,2,0,1,0,,,,,-0.35
2057,2,1,0,2,3.6306,1.7152,1.7826,0.7623,2.8
2058,2,3,0,2,0.4476,1.3945,1.5217,1.08,1.2
2059,2,0,1,2,0.3793,0.7774,1.2174,0.0814,1.25
2060,2,0,0,1,0.0637,0.7042,,0.0041,0.45
2061,2,2,1,2,2.4007,2.3029,,0.9737,1.0
2062,2,3,1,1,0.0301,-0.0537,0.7391,0.3198,0.75
2063,2,0,1,2,-0.1098,-0.0509,0.4783,-0.0165,0.05
2064,2,0,1,0,-0.1225,-0.198,0.5217,-0.104,-0.35
2065,2,0,1,1,21.3606,12.3409,,,0.4
2066,2,3,1,1,0.2491,0.3549,1.1304,0.1267,1.45
2067,2,2,1,2,-0.0565,0.3005,0.8261,-0.1017,-0.3
2068,2,0,1,0,,,,,0.05
2069,2,3,1,1,0.0301,-0.0537,0.7391,0.3198,0.75
2070,2,5,1,2,41.3458,,-1.087,33.5381,1.7
2071,2,0,1,0,-0.1277,-0.1813,,,-0.35
2072,2,3,0,1,-0.1197,,-0.4348,0.0144,-0.25
2073,2,0,1,2,0.6135,0.5815,1.3478,-0.1089,1.3
2074,2,0,0,2,13.57,12.0042,1.087,45.5816,0.55
2075,2,0,0,2,,7.7943,-1.0,121.0129,1.25
2076,2,0,0,0,,,,,-0.35
2077,2,0,0,0,-0.1281,-0.1743,,,-0.5
2078,2,3,1,1,0.0107,0.1645,-0.2609,-0.0181,0.75
2079,2,0,1,1,0.1816,0.4462,1.0,0.3109,0.3
2080,2,3,1,2,5.9334,3.4394,,10.9508,1.3
2081,2,0,0,0,,-0.1604,-0.5652,,-0.15
2082,2,0,0,0,-0.0445,-0.0969,-0.3043,-0.113,-0.35
2083,2,5,1,2,41.3458,,-1.087,33.5381,1.7
2084,2,0,0,0,,,,,-0.35
2085,2,0,1,0,-0.1177,-0.1924,-0.2609,-0.1119,-0.35
2086,2,0,1,1,0.5885,10.3162,-0.1304,-0.0633,0.55
2087,2,1,1,2,0.0405,0.0809,0.9565,0.1449,0.3
2088,2,0,1,1,0.145,0.304,0.8261,0.0169,0.3
2089,2,3,1,1,0.8784,1.0417,0.8696,1.0115,1.75
2090,2,3,0,1,1.8962,6.8545,-1.5217,0.1351,1.3
2091,2,0,1,1,0.1023,0.1004,0.087,-0.1017,0.1
2092,2,1,0,2,22.7143,,-0.2609,605.9868,0.65
2093,2,3,1,2,5.9334,3.4394,,10.9508,1.3
2094,2,0,1,2,1.9789,2.5128,-1.7391,0.8935,1.2
2095,2,0,0,0,,-0.113,,-0.1107,-0.5
2096,2,0,0,2,17.6008,9.094,-1.3043,76.3061,0.9
2097,2,2,1,2,-0.1133,-0.1304,,1.6689,1.55
2098,2,0,0,0,-0.122,-0.0139,-0.2609,-0.1062,-0.35
2099,2,0,1,2,24.2279,24.4393,1.3913,20.3211,0.9
2100,2,2,0,1,0.5826,0.0,1.0435,1.1319,0.45
2101,2,4,1,1,1.3593,5.9418,-0.087,0.1448,1.05
2102,2,3,0,2,0.4476,1.3945,1.5217,1.08,1.2
2103,2,3,1,1,1.3963,1.2104,2.3043,1.6457,2.0
2104,2,0,0,0,-0.13,,0.3913,-0.1066,-0.2
2105,2,0,1,2,0.8795,0.5417,0.4783,-0.0226,1.1
2106,2,0,0,0,-0.0504,-0.092,0.3478,-0.0926,-0.2
2107,2,4,1,2,16.8751,2.6223,-1.5217,0.8972,1.45
2108,2,0,0,2,3.1605,2.3699,1.2174,0.6102,1.6
2109,2,0,0,0,-0.13,0.0397,-0.0435,-0.1127,0.7
2110,2,0,1,1,0.7896,0.3612,0.2609,0.9375,1.95
2111,2,1,0,2,1.5751,0.9566,1.2609,0.5696,0.85
2112,2,0,1,1,1.0082,1.8107,0.5217,2.2637,0.55
2113,2,3,1,0,,-0.1987,-0.5652,,-0.5
2114,2,5,0,0,0.3201,,-0.3478,7.5294,-0.25
2115,2,0,1,1,1.3593,5.9418,-0.087,0.1448,1.05
2116,2,0,0,0,-0.0922,0.0823,0.7391,1.0019,0.7
2117,2,0,0,0,-0.1293,-0.2071,0.2174,-0.1107,-0.2
2118,2,0,1,0,,,,,0.05
2119,2,0,0,0,-0.13,0.0397,-0.0435,-0.1127,0.7
2120,2,3,0,0,0.3201,,-0.3478,7.5294,-0.25
2121,2,0,0,0,0.3201,,-0.3478,7.5294,-0.25
2122,2,0,1,0,,-0.1394,-0.8696,,-0.5
2123,2,3,1,0,,-0.2036,,,-0.5
2124,2,1,0,1,0.7896,0.3612,0.2609,0.9375,1.95
2125,2,3,1,2,32.7517,8.2852,1.4348,10.9857,1.75
2126,2,1,0,1,0.5721,0.7649,0.1739,0.0004,1.05
2127,2,0,1,1,0.0637,0.7042,,0.0041,0.45
2128,2,0,1,2,,,,,-0.35
2129,2,0,1,0,-0.0987,-0.1109,0.0435,-0.1082,0.05
2130,2,0,0,2,,,,,-0.35
2131,2,0,0,1,-0.0513,-0.0488,0.5217,-0.113,0.2
2132,2,3,1,1,0.3038,0.1011,1.6522,2.2379,0.85
2133,2,0,0,0,-0.13,0.0397,-0.0435,-0.1127,0.7
2134,2,0,0,0,,-0.1994,,,-0.5
2135,2,0,0,2,21.5506,20.7077,,2.147,0.65
2136,2,3,1,1,0.3045,0.2224,0.6087,0.7369,0.4
2137,2,0,1,2,0.0002,1.6385,0.6522,98.4116,0.3
2138,2,0,0,0,,,,,-0.45
2139,2,0,1,0,-0.1301,-0.2092,,-0.1107,-0.1
2140,2,5,0,2,41.3458,,-1.087,33.5381,1.7
2141,2,3,1,2,6.703,4.7432,1.4348,2.4648,1.7
2142,2,0,0,2,0.3793,0.7774,1.2174,0.0814,1.25
2143,2,0,1,1,0.0637,0.7042,,0.0041,0.45
2144,2,0,1,0,,,,,-0.35
